gender,study_hours_per_day,social_media_hours_per_day,attendance_percentage,sleep_hours_per_day,parent_education_level,extra_curricular_activities,part_time_job,score
Other,5.6,4.2,82.1,8.9,High School,Clubs,No,39.1
Male,8.9,2.8,39.2,8.5,PhD,Arts,No,62.6
Other,10.5,5.4,44.8,8.0,Master,None,Yes,53.2
Other,5.2,6.1,73.0,5.4,High School,Clubs,No,26.3
Male,0.5,0.1,35.8,4.6,Master,None,No,10.5
Male,1.9,1.7,6.4,7.5,High School,Clubs,No,17.4
Other,0.3,5.7,7.4,7.3,High School,Sports,No,10.0
Female,7.8,3.1,11.5,5.1,Master,Clubs,No,42.0
Other,4.0,5.3,87.0,4.3,Bachelor,Multiple,Yes,39.1
Other,6.5,2.8,47.2,4.5,High School,Sports,Yes,31.2
Other,5.9,3.1,71.3,10.0,High School,Arts,No,41.0
Other,1.0,1.3,39.3,8.7,Bachelor,Arts,No,22.4
Male,4.8,2.1,25.9,9.5,High School,None,No,16.5
Other,2.6,4.8,34.7,5.2,Bachelor,Arts,No,10.0
Female,5.0,3.5,79.4,9.8,Bachelor,Clubs,No,41.3
Male,2.4,6.2,62.5,4.9,High School,Multiple,Yes,13.7
Female,10.1,6.8,93.8,7.1,Bachelor,Multiple,No,70.9
Female,2.1,4.3,68.0,9.0,Master,Arts,Yes,30.5
Female,11.5,6.1,57.0,6.1,Bachelor,Clubs,No,59.9
Female,5.0,2.5,61.0,6.5,High School,Clubs,No,52.0
Male,10.2,3.3,94.2,4.8,High School,Arts,No,67.7
Male,7.5,5.7,78.8,4.7,Bachelor,None,No,43.0
Female,8.8,3.1,2.4,7.7,Master,Sports,Yes,46.4
Female,9.2,4.7,53.4,8.1,High School,Clubs,Yes,48.9
Male,6.1,1.5,68.8,8.7,High School,Arts,No,52.5
Male,6.5,4.8,74.9,7.3,Bachelor,Clubs,No,53.7
Male,6.2,6.9,21.3,7.9,Bachelor,None,No,30.9
Other,7.1,6.9,86.7,4.1,High School,Multiple,No,38.1
Other,0.4,5.8,95.6,5.0,Master,Sports,No,38.3
Other,4.7,6.0,23.7,9.9,High School,Clubs,Yes,18.6
Female,7.3,4.5,88.3,4.5,Bachelor,None,Yes,58.6
Other,7.2,4.7,9.7,8.1,Bachelor,None,No,33.2
Female,9.5,1.1,5.6,5.1,Bachelor,Clubs,Yes,43.7
Female,7.9,3.6,12.9,8.3,High School,Multiple,No,41.8
Other,11.9,3.6,5.8,8.2,Bachelor,Sports,No,55.6
Female,3.4,7.7,84.5,5.4,High School,None,Yes,24.1
Other,4.3,3.4,5.9,5.6,High School,Sports,No,10.0
Other,4.6,4.4,27.2,7.9,Bachelor,None,No,32.2
Male,5.6,4.3,10.4,6.3,Bachelor,None,No,22.4
Other,10.0,5.1,29.5,5.2,High School,Clubs,Yes,42.2
Male,2.8,6.0,9.1,8.4,High School,Multiple,No,18.5
Other,9.3,1.8,66.8,4.9,Master,None,No,61.2
Other,4.9,4.2,13.3,9.1,Master,Arts,No,25.6
Male,7.2,6.6,85.2,7.1,High School,Sports,Yes,46.0
Male,7.6,3.7,81.7,4.6,Bachelor,None,No,45.7
Other,4.5,2.2,1.4,8.2,Bachelor,Sports,No,35.1
Female,6.2,5.2,89.6,7.1,Bachelor,Arts,No,58.1
Male,5.0,6.6,2.9,5.8,Master,None,No,11.6
Female,0.8,0.5,24.0,6.5,High School,Sports,No,19.3
Female,5.2,6.2,3.2,5.8,Master,None,No,10.0
Female,1.2,6.6,33.6,5.6,Bachelor,Sports,Yes,10.0
Male,4.9,3.7,51.4,5.0,Bachelor,None,No,31.4
Female,7.1,7.9,79.7,6.2,Bachelor,Multiple,Yes,48.2
Male,7.0,6.3,33.8,5.5,Master,Clubs,No,40.9
Female,8.0,6.2,70.5,8.1,High School,Multiple,No,60.9
Other,1.1,6.0,18.8,8.1,None,Sports,No,10.0
Other,7.8,1.2,75.1,7.0,High School,Sports,No,53.6
Male,3.7,1.7,23.6,8.7,PhD,Sports,No,35.7
Other,4.8,3.7,14.4,9.0,Bachelor,None,Yes,25.1
Other,10.3,2.1,18.5,7.5,Bachelor,Clubs,No,52.6
Female,0.1,3.3,18.2,7.7,None,Sports,No,10.0
Male,7.1,7.1,51.3,5.7,Master,Sports,No,32.8
Female,7.2,6.6,84.5,9.4,Master,Arts,No,55.3
Female,4.8,5.0,8.0,4.1,Bachelor,Sports,No,14.1
Female,2.8,6.9,70.7,6.1,High School,Multiple,No,18.2
Female,2.8,6.3,65.4,8.3,High School,Sports,No,27.1
Female,10.6,3.4,87.3,4.5,Bachelor,Arts,No,69.4
Female,5.3,1.6,24.4,5.1,Bachelor,Sports,No,26.0
Female,4.0,4.1,45.0,7.5,High School,Multiple,No,35.5
Male,5.4,5.9,92.6,7.4,Bachelor,Sports,No,55.3
Other,8.0,3.5,66.0,8.4,High School,Arts,No,54.4
Female,1.7,5.3,38.9,8.9,Master,None,No,12.5
Female,5.4,0.8,13.1,4.8,Bachelor,Clubs,No,28.6
Female,7.1,6.0,26.2,4.1,High School,Sports,No,29.2
Female,11.4,6.5,58.1,8.1,Bachelor,Sports,No,55.1
Female,3.0,5.7,71.8,5.8,High School,Multiple,No,27.0
Female,4.3,7.7,12.4,7.8,High School,Multiple,Yes,11.4
Other,4.6,6.6,60.0,4.9,Master,Sports,No,29.8
Other,7.3,7.2,55.0,6.8,None,Clubs,No,36.1
Female,4.3,7.5,51.4,7.0,High School,None,No,22.1
Other,6.4,6.4,69.0,7.5,None,Clubs,No,41.9
Male,9.4,5.4,83.7,7.1,High School,Arts,No,60.6
Female,8.5,0.0,32.3,7.0,High School,Arts,No,54.8
Male,5.4,3.7,88.9,6.0,High School,Multiple,No,44.5
Male,10.4,4.6,16.1,4.4,Bachelor,Clubs,No,46.7
Female,6.7,2.4,17.3,4.5,High School,Sports,No,37.3
Other,6.5,2.5,26.7,6.6,Bachelor,Clubs,No,35.4
Male,0.4,7.7,12.0,6.1,High School,None,No,10.0
Female,11.8,7.1,23.0,7.1,High School,Clubs,No,48.0
Male,1.5,6.8,10.6,5.8,High School,Clubs,Yes,10.0
Male,2.8,3.2,82.2,8.1,Master,None,Yes,39.7
Male,0.6,0.1,13.9,9.2,Bachelor,Clubs,No,10.0
Male,7.7,0.6,74.7,5.8,Master,Arts,No,59.7
Other,2.7,2.5,4.8,5.2,High School,Arts,No,12.5
Male,2.2,0.1,94.9,4.7,Master,Sports,No,35.0
Male,1.1,0.1,71.1,7.7,None,Sports,No,26.1
Male,1.2,7.3,0.7,6.7,High School,Clubs,Yes,10.0
Other,7.0,5.6,76.4,5.1,Bachelor,Sports,No,45.4
Male,8.3,2.5,51.4,7.9,High School,Sports,Yes,52.0
Male,4.8,1.1,77.9,4.9,PhD,Clubs,No,53.8
Other,5.8,4.1,52.2,7.3,None,None,No,41.8
Other,8.2,0.0,64.1,7.2,PhD,Arts,No,79.2
Other,0.2,7.5,78.6,8.4,Bachelor,Arts,Yes,20.0
Male,3.9,3.3,40.5,4.3,Bachelor,Clubs,Yes,24.6
Other,11.7,3.2,0.3,9.3,High School,Sports,No,46.0
Other,7.0,3.1,85.0,8.2,High School,Sports,No,58.1
Male,3.1,0.6,38.1,5.3,Master,Sports,Yes,25.9
Other,6.3,5.1,49.6,5.1,High School,Clubs,No,33.7
Male,4.1,5.9,0.8,6.6,Bachelor,None,Yes,10.0
Female,6.4,5.4,49.2,8.9,PhD,Multiple,No,49.5
Other,1.5,1.1,98.6,9.1,High School,Arts,Yes,29.8
Female,1.6,4.6,27.8,7.1,Bachelor,Multiple,No,19.7
Male,1.7,4.6,39.5,9.2,Bachelor,Sports,No,10.0
Other,11.3,6.9,68.7,4.0,High School,Sports,Yes,50.6
Male,8.8,3.0,81.5,4.2,High School,Multiple,No,59.7
Female,1.9,3.0,41.7,9.5,Bachelor,None,No,18.8
Male,2.3,4.9,31.0,8.7,High School,None,No,12.5
Other,8.8,5.1,93.8,6.7,Bachelor,Sports,Yes,68.1
Other,1.9,3.8,67.7,8.5,High School,Multiple,No,36.7
Female,2.8,3.5,11.9,9.7,PhD,Arts,Yes,10.0
Male,11.6,4.0,6.9,8.6,None,Arts,No,47.6
Other,3.1,6.9,48.4,9.1,Bachelor,Clubs,No,16.9
Female,7.9,3.7,22.0,8.6,Bachelor,Sports,No,47.4
Other,11.7,7.5,25.4,5.0,High School,Clubs,No,55.0
Other,4.5,4.0,87.8,9.0,High School,Sports,No,47.1
Male,0.2,7.6,9.0,5.2,Master,Clubs,No,10.0
Other,2.9,6.7,71.5,9.4,Master,Sports,Yes,16.5
Male,10.0,2.9,27.1,6.8,High School,Sports,Yes,40.9
Other,10.4,6.9,76.0,8.1,Bachelor,Arts,No,64.3
Female,9.2,0.9,72.2,7.0,High School,Sports,No,80.5
Other,1.4,7.4,0.7,4.6,High School,Arts,Yes,10.0
Male,9.5,5.1,50.9,5.7,Bachelor,Sports,No,45.4
Male,11.0,0.4,13.9,9.9,Master,Sports,No,60.0
Female,7.2,5.2,86.6,9.8,High School,Arts,No,37.5
Other,11.3,7.8,87.2,5.9,PhD,Arts,Yes,63.7
Other,9.9,0.6,41.8,10.0,High School,None,No,59.0
Female,8.0,4.4,44.4,9.1,Bachelor,Arts,Yes,34.9
Other,6.9,6.0,30.3,7.7,Bachelor,Sports,Yes,41.8
Other,4.2,6.5,71.7,4.2,Bachelor,Sports,No,32.4
Male,1.9,3.3,35.9,9.4,Bachelor,Sports,No,21.4
Other,7.3,1.6,26.8,7.3,High School,Multiple,No,40.1
Other,3.8,0.3,43.2,9.2,Bachelor,Clubs,Yes,28.5
Female,10.4,4.6,9.1,9.0,Bachelor,Sports,No,55.5
Female,11.9,3.6,74.7,9.0,High School,Arts,Yes,66.2
Male,9.0,7.6,1.3,8.2,Master,Clubs,No,41.8
Other,1.1,0.5,64.4,5.7,High School,Sports,No,22.9
Other,3.5,5.5,18.3,6.0,Bachelor,Clubs,No,21.8
Other,1.3,0.2,23.2,5.9,High School,None,No,12.6
Male,7.8,1.4,63.6,4.1,High School,Clubs,No,58.3
Male,9.2,3.6,99.3,7.5,High School,Arts,No,64.4
Female,11.1,3.6,77.8,8.2,Bachelor,Sports,No,78.5
Male,5.3,5.5,22.6,9.1,Bachelor,Sports,Yes,10.5
Other,10.8,7.3,17.6,4.8,High School,Multiple,No,41.5
Other,10.5,5.1,86.6,7.3,High School,Clubs,No,72.2
Male,3.8,7.6,44.4,4.0,High School,Arts,Yes,10.0
Other,10.4,7.1,13.7,4.6,Bachelor,None,No,32.9
Other,4.5,4.7,86.2,4.3,Bachelor,Sports,Yes,34.1
Male,3.6,6.7,81.6,8.4,High School,Sports,No,34.5
Male,7.8,5.1,98.4,4.5,None,None,No,51.8
Other,3.9,0.6,91.0,8.3,Master,Arts,No,66.1
Other,7.6,5.9,85.2,5.5,High School,Multiple,Yes,49.7
Other,7.3,0.8,5.3,9.3,High School,Clubs,Yes,27.3
Female,6.8,4.8,10.4,8.9,None,Sports,Yes,30.6
Female,4.6,5.6,56.9,9.7,Bachelor,Arts,Yes,29.9
Female,6.6,0.5,53.1,9.3,Bachelor,Multiple,No,45.8
Male,7.2,1.8,45.8,9.6,Bachelor,Clubs,No,48.2
Female,6.5,7.3,39.7,9.2,High School,Clubs,No,18.8
Male,5.3,4.9,43.1,8.2,Bachelor,Multiple,No,34.0
Male,0.2,2.0,56.9,5.0,High School,Clubs,No,10.0
Female,7.0,5.5,0.2,5.6,Master,None,No,22.8
Female,2.0,4.8,26.1,5.3,Bachelor,Sports,Yes,10.0
Female,7.7,4.0,51.8,7.6,Bachelor,Multiple,No,51.9
Other,9.1,7.8,72.2,7.0,High School,Arts,No,57.6
Female,6.0,5.5,17.4,9.2,High School,None,No,20.2
Other,6.5,3.0,54.7,9.7,Bachelor,Arts,No,45.6
Male,11.4,6.4,71.4,6.4,Bachelor,Clubs,No,74.3
Other,10.2,7.1,44.5,7.0,High School,Multiple,Yes,60.7
Female,11.0,1.0,2.7,9.8,PhD,Sports,No,54.9
Male,9.8,1.6,44.9,5.7,PhD,Arts,Yes,59.7
Male,1.3,1.7,29.6,8.8,Bachelor,Multiple,No,21.7
Male,1.8,5.5,93.0,5.4,PhD,Sports,No,35.5
Other,6.3,4.8,12.5,8.1,High School,None,No,32.7
Female,3.0,5.0,65.2,5.5,None,Multiple,No,19.3
Male,5.7,7.5,5.3,9.3,None,Arts,No,10.0
Male,4.7,6.2,44.6,7.4,Bachelor,Arts,No,37.8
Male,6.6,1.0,55.4,5.1,High School,Arts,Yes,38.0
Other,9.0,2.8,29.8,5.3,PhD,None,No,48.2
Other,8.6,3.5,45.5,7.0,High School,Multiple,Yes,54.6
Female,6.3,3.2,16.4,9.8,High School,Sports,Yes,23.5
Other,9.9,5.4,30.4,8.6,Master,Sports,Yes,59.9
Male,5.2,7.1,62.1,6.9,High School,None,No,35.2
Female,10.8,2.4,30.2,6.0,High School,Sports,Yes,51.1
Male,0.9,4.4,90.0,7.3,Bachelor,Clubs,No,28.9
Male,11.5,6.3,62.8,8.5,High School,Clubs,No,67.8
Other,7.9,3.3,43.9,8.7,High School,Multiple,No,50.8
Female,4.6,1.3,3.9,5.9,High School,Sports,Yes,10.0
Other,2.4,3.8,50.0,8.3,Bachelor,Clubs,No,23.6
Other,5.8,0.4,76.5,7.9,PhD,Arts,No,63.8
Female,2.3,7.5,26.6,9.8,Master,Clubs,No,12.2
Male,2.0,0.6,80.7,9.6,High School,Clubs,No,36.5
Male,7.4,3.5,25.2,8.7,High School,Sports,No,51.1
Female,6.3,4.2,82.4,8.3,Bachelor,Sports,Yes,48.9
Male,8.0,7.9,8.5,5.6,PhD,Sports,No,24.5
Female,11.2,1.3,86.6,9.1,High School,Arts,Yes,71.0
Female,6.4,0.9,49.9,6.6,High School,Multiple,No,40.5
Other,7.0,0.1,29.7,5.6,Bachelor,Sports,No,43.2
Female,1.1,1.2,26.5,6.3,PhD,None,No,20.3
Other,8.6,1.7,43.2,9.0,High School,None,Yes,56.0
Male,4.8,5.0,99.9,4.9,High School,Clubs,No,45.5
Male,11.7,1.8,22.0,6.7,High School,Sports,No,62.2
Male,9.9,0.2,10.3,7.0,None,Sports,Yes,50.7
Male,6.3,6.6,58.5,4.2,Bachelor,Sports,No,35.7
Other,1.5,2.9,48.9,5.2,Bachelor,Arts,No,13.6
Male,10.3,2.8,52.4,9.0,Bachelor,Arts,No,65.5
Female,9.6,2.4,66.7,9.0,High School,Clubs,Yes,64.1
Female,2.2,7.8,26.7,5.8,High School,Sports,Yes,10.0
Female,3.5,1.4,91.1,9.2,High School,Arts,Yes,36.7
Other,9.5,7.2,43.6,8.6,High School,None,Yes,41.0
Male,2.2,6.2,12.9,6.5,Master,None,No,10.0
Male,11.0,0.6,74.2,8.5,High School,Arts,No,77.0
Male,5.1,7.9,64.3,9.8,None,Sports,No,26.3
Other,1.0,2.2,31.6,6.8,High School,Arts,No,10.0
Female,9.8,0.8,62.2,5.4,Bachelor,None,Yes,57.5
Female,4.5,6.6,22.0,9.7,Bachelor,None,No,24.7
Male,6.3,5.7,44.5,7.6,Master,Multiple,No,42.1
Female,1.3,4.9,89.9,4.6,High School,Arts,No,23.4
Female,0.0,1.2,13.4,7.4,Bachelor,Clubs,Yes,19.1
Other,7.7,3.8,38.7,7.0,High School,Clubs,No,48.1
Other,6.2,6.2,82.1,9.1,High School,Arts,No,40.7
Other,7.1,2.4,96.9,7.2,PhD,Clubs,No,66.2
Other,9.5,2.5,45.4,5.5,High School,Arts,Yes,49.5
Male,7.8,0.0,50.7,8.1,Bachelor,Sports,Yes,57.7
Other,2.1,1.4,57.2,7.3,High School,Sports,No,36.8
Female,4.3,7.0,93.2,5.4,Bachelor,Arts,No,41.3
Male,10.9,3.5,85.8,7.4,Master,Sports,Yes,77.1
Female,9.2,7.9,17.1,8.9,Master,Sports,No,45.0
Female,6.7,3.2,43.7,4.2,Master,Sports,No,32.7
Female,3.1,5.7,46.4,7.8,Bachelor,None,No,14.2
Other,3.6,2.3,78.9,6.1,High School,None,No,44.4
Other,8.8,2.9,60.3,5.8,Bachelor,None,No,40.3
Male,10.2,1.5,65.4,6.4,Bachelor,None,No,69.9
Male,8.1,2.8,99.8,6.1,None,Sports,No,62.9
Other,9.7,4.4,7.5,9.0,Bachelor,Arts,Yes,49.9
Female,9.2,7.9,22.3,5.6,Master,None,Yes,31.9
Male,1.8,5.3,40.8,8.4,Bachelor,Multiple,No,29.2
Other,5.1,1.6,34.8,4.6,High School,Clubs,No,29.5
Other,1.8,0.4,2.2,9.7,Master,Arts,No,18.5
Other,2.8,1.0,9.2,7.7,High School,Clubs,No,14.3
Female,10.4,4.5,68.1,8.2,High School,Sports,Yes,51.9
Other,5.7,6.1,87.9,5.8,Bachelor,None,No,40.0
Other,6.4,7.5,51.4,6.5,High School,Multiple,No,27.3
Other,2.1,0.1,53.9,5.3,Bachelor,None,No,26.6
Other,3.7,4.2,25.5,9.6,High School,Multiple,Yes,11.6
Male,2.8,3.8,76.8,6.9,High School,Arts,No,34.9
Male,2.5,5.2,75.2,7.8,High School,Sports,No,25.1
Other,7.7,4.5,58.8,8.4,PhD,Arts,No,59.0
Female,3.1,5.5,21.3,6.2,Bachelor,Arts,No,20.6
Male,7.6,5.3,9.7,8.3,High School,None,No,31.0
Other,0.7,0.9,6.4,8.1,None,Sports,No,12.5
Male,1.7,6.4,59.3,8.2,High School,Clubs,No,14.6
Male,3.3,1.0,82.5,6.9,Bachelor,Arts,No,42.5
Female,7.2,5.6,85.8,6.3,High School,Sports,No,45.2
Other,8.1,3.3,46.4,5.3,Bachelor,Sports,No,57.8
Other,5.3,4.1,78.4,8.9,Bachelor,Multiple,Yes,53.5
Female,5.3,7.2,94.7,7.7,Master,Arts,Yes,55.1
Female,8.7,7.1,27.5,6.7,Bachelor,Arts,No,45.9
Other,0.2,6.5,39.8,9.7,Bachelor,Multiple,No,10.0
Other,4.1,4.1,93.1,4.3,High School,Sports,No,30.3
Female,9.8,5.9,33.8,9.1,Bachelor,Arts,Yes,39.1
Male,7.2,4.1,91.4,10.0,Bachelor,Clubs,Yes,52.7
Male,4.0,7.0,98.1,9.3,High School,Clubs,Yes,27.7
Female,10.9,3.2,66.2,8.9,Master,Sports,No,64.6
Male,9.3,7.8,81.7,6.2,High School,None,No,56.5
Female,3.2,7.5,75.0,5.4,High School,Clubs,No,13.5
Male,7.7,5.9,70.0,8.4,High School,Sports,Yes,45.7
Male,7.1,2.2,30.7,5.8,Master,Multiple,No,50.9
Other,4.8,1.1,5.7,5.1,Bachelor,None,No,22.6
Other,4.4,6.8,34.3,8.7,Master,Sports,Yes,30.9
Male,4.1,1.3,66.7,5.9,High School,None,No,35.9
Male,7.4,6.8,10.3,9.5,Bachelor,Clubs,Yes,15.9
Other,5.3,3.9,1.2,9.0,High School,Multiple,No,28.9
Other,10.0,3.3,14.0,9.1,Master,Arts,No,46.5
Other,8.0,7.2,71.6,8.6,None,Multiple,No,42.2
Female,0.8,4.8,97.3,9.3,High School,None,Yes,10.6
Male,7.7,4.6,98.3,8.8,High School,None,No,62.5
Other,3.3,4.5,49.4,7.6,Master,Clubs,No,43.9
Male,7.1,3.0,86.9,5.8,Bachelor,Multiple,Yes,46.5
Female,8.2,6.3,73.7,9.3,Bachelor,Clubs,No,43.9
Female,2.8,2.0,50.1,9.0,Bachelor,Clubs,No,36.7
Other,5.5,7.5,57.3,6.8,PhD,Sports,No,30.9
Female,2.3,7.2,13.7,4.2,Master,Sports,No,16.3
Male,0.6,2.7,93.8,7.8,Bachelor,Multiple,No,32.1
Other,4.5,5.8,35.2,4.3,High School,Sports,No,16.2
Male,4.4,4.6,44.6,9.6,High School,Sports,No,19.1
Male,11.9,2.7,67.2,9.8,Master,Clubs,Yes,74.3
Female,5.4,7.9,33.4,5.1,Bachelor,Sports,Yes,28.3
Female,4.0,0.2,25.4,8.1,High School,Clubs,Yes,27.8
Female,7.0,2.0,63.1,4.6,Bachelor,None,No,52.4
Female,1.1,4.2,2.5,8.4,Master,Clubs,No,10.0
Female,11.5,4.2,72.1,6.1,High School,Arts,No,74.5
Other,7.6,4.7,51.4,8.1,Bachelor,Arts,No,58.6
Male,9.1,6.0,60.6,6.2,Master,Arts,No,62.6
Male,2.0,5.0,63.2,4.9,Bachelor,Sports,No,20.1
Male,4.9,4.8,52.7,6.4,High School,Arts,Yes,23.7
Male,5.1,0.4,58.3,4.7,PhD,Arts,No,45.6
Female,9.9,3.0,68.4,7.5,PhD,Arts,No,71.9
Male,0.0,1.9,75.3,4.2,Master,Sports,No,21.1
Other,3.6,2.1,72.7,7.2,Bachelor,None,Yes,40.9
Other,11.8,4.4,87.0,9.3,High School,None,No,68.3
Male,5.7,1.6,18.9,9.0,Master,Clubs,No,44.2
Male,4.6,2.4,40.1,9.3,High School,None,No,29.6
Other,1.4,1.9,94.8,9.5,Master,Multiple,No,36.6
Other,11.7,7.6,39.7,4.6,Master,Clubs,No,55.4
Female,0.2,7.6,12.5,4.8,Bachelor,Clubs,Yes,10.0
Other,8.8,4.9,52.5,7.3,Master,Clubs,Yes,52.3
Female,9.2,7.4,10.9,9.4,Master,None,No,32.9
Female,2.9,6.3,20.3,9.8,High School,Clubs,Yes,10.0
Female,8.1,4.7,99.8,4.3,Bachelor,Arts,No,61.4
Female,1.1,0.1,54.1,6.1,High School,Multiple,No,29.1
Female,3.1,6.2,28.4,5.3,Bachelor,Multiple,No,15.6
Male,9.5,5.6,99.5,8.5,High School,None,Yes,58.9
Other,10.4,4.9,96.7,7.8,Bachelor,Sports,No,79.9
Female,7.3,6.1,44.1,4.7,Master,Arts,No,38.6
Other,6.1,4.1,26.0,6.9,PhD,Clubs,No,43.4
Other,1.9,5.6,83.8,8.1,High School,Sports,No,27.8
Female,0.8,7.5,71.6,8.7,Bachelor,Sports,No,23.5
Male,1.4,3.0,68.7,4.1,Bachelor,Sports,Yes,22.0
Female,2.7,5.7,89.3,9.3,PhD,Arts,No,41.0
Male,4.1,3.8,68.9,7.4,Bachelor,Multiple,Yes,38.7
Other,4.6,5.4,28.4,8.9,Bachelor,Clubs,No,25.6
Male,4.2,6.1,69.4,8.8,Master,Sports,No,36.7
Male,2.9,0.4,30.6,5.1,High School,None,No,14.4
Male,6.1,5.2,75.9,4.7,Master,None,No,39.7
Other,9.9,1.8,62.0,8.3,Master,Arts,No,60.4
Other,3.4,5.4,7.7,4.9,PhD,Clubs,No,19.6
Male,11.3,3.7,51.3,9.1,High School,Sports,No,67.9
Male,10.5,6.2,34.3,8.4,Bachelor,Arts,Yes,50.2
Female,1.9,1.0,32.9,9.1,Master,Multiple,Yes,22.3
Male,9.4,5.0,60.2,5.8,High School,Multiple,Yes,48.3
Female,6.9,2.2,32.2,5.9,Bachelor,Sports,Yes,29.8
Male,6.8,6.8,77.7,8.0,High School,None,No,50.7
Female,4.7,7.4,7.1,4.2,High School,Sports,No,14.0
Other,6.0,8.0,66.0,8.4,Bachelor,Clubs,Yes,32.0
Male,4.8,6.4,80.9,9.0,Bachelor,Multiple,Yes,41.9
Male,6.5,6.0,67.3,6.5,High School,None,No,38.5
Male,7.5,1.7,49.7,8.6,Bachelor,None,No,59.9
Male,8.1,2.7,95.0,5.0,Bachelor,Multiple,No,62.1
Female,6.4,3.7,30.0,5.9,Bachelor,Clubs,No,32.9
Male,8.7,6.2,1.9,9.8,Bachelor,Multiple,No,38.7
Other,1.7,7.3,43.2,9.9,Bachelor,Sports,No,10.0
Other,2.5,1.5,3.3,7.1,Bachelor,Sports,No,21.2
Male,9.8,7.4,95.4,9.6,High School,None,Yes,52.5
Other,3.9,5.6,21.0,7.1,Bachelor,None,No,18.0
Male,0.3,4.9,78.9,5.7,Bachelor,Arts,Yes,23.4
Male,1.8,1.6,77.5,5.6,Bachelor,Sports,No,32.0
Other,2.7,0.4,21.8,9.6,High School,None,No,20.3
Male,11.5,4.5,62.1,5.0,Bachelor,Multiple,No,68.1
Other,6.9,5.2,4.8,7.5,High School,None,Yes,23.5
Female,11.2,1.7,48.4,7.3,Master,Clubs,No,81.3
Male,6.9,4.5,1.5,8.4,None,Sports,No,33.3
Female,5.8,6.9,92.1,7.0,PhD,Clubs,Yes,50.4
Other,3.8,6.7,97.6,5.6,Bachelor,None,No,37.8
Female,7.3,7.4,22.2,5.0,Bachelor,Clubs,Yes,29.9
Female,1.7,2.9,20.8,7.7,High School,None,No,19.1
Other,10.8,2.5,75.4,8.3,None,Sports,No,68.5
Female,10.0,6.0,25.3,7.4,High School,Clubs,No,48.0
Female,3.8,3.4,89.5,8.4,High School,None,No,46.4
Other,11.4,0.7,57.4,4.8,Bachelor,Sports,No,71.2
Female,9.9,2.3,35.1,9.3,High School,Multiple,No,48.4
Other,8.0,3.3,83.3,7.5,Master,Multiple,No,66.7
Female,1.5,2.3,49.3,4.8,High School,None,No,17.8
Other,5.7,2.7,91.2,6.8,Master,None,No,48.4
Other,6.1,2.4,92.8,9.1,Bachelor,None,No,51.6
Female,2.8,0.3,16.5,9.4,High School,None,No,20.0
Female,1.0,5.1,0.2,5.6,Bachelor,Multiple,No,10.0
Female,9.3,4.8,98.4,8.3,High School,Arts,No,65.1
Male,1.5,5.2,90.6,4.6,High School,Arts,Yes,15.7
Male,7.1,1.5,5.5,4.2,Bachelor,Multiple,No,41.2
Male,11.2,2.4,83.3,7.4,Bachelor,Arts,No,75.4
Other,10.5,5.0,45.8,8.2,Master,Clubs,No,69.3
Female,3.3,4.8,25.9,8.8,Bachelor,Sports,No,20.5
Other,10.2,4.1,87.9,6.0,PhD,Sports,Yes,77.9
Male,0.0,2.8,19.7,4.0,PhD,Arts,No,10.0
Female,0.2,7.3,94.7,6.9,Master,None,No,20.9
Other,7.2,2.7,20.6,4.1,Bachelor,Sports,No,26.8
Female,4.4,3.6,61.4,4.6,High School,None,No,31.9
Other,4.6,5.4,22.3,6.0,High School,None,Yes,17.5
Female,6.8,4.3,54.6,6.6,Bachelor,Arts,No,47.6
Male,2.3,2.8,68.4,5.7,Bachelor,Arts,No,29.4
Male,2.5,3.5,19.0,7.5,High School,Sports,No,10.8
Female,5.8,6.4,52.1,4.3,Bachelor,Sports,Yes,30.1
Other,9.1,2.2,46.9,4.9,None,Clubs,No,52.9
Male,7.4,1.1,7.1,8.2,Bachelor,None,Yes,42.7
Male,3.6,2.5,81.8,4.9,High School,Arts,No,28.6
Male,5.2,6.8,33.6,7.8,Bachelor,Clubs,No,34.8
Female,2.0,0.7,57.5,4.3,Master,None,Yes,28.3
Female,0.9,7.9,51.5,6.4,High School,Clubs,Yes,10.0
Other,9.4,4.3,51.3,5.1,Bachelor,Clubs,No,46.8
Other,3.2,7.9,10.7,4.7,Master,None,No,10.0
Other,2.1,7.5,42.3,7.4,High School,None,Yes,10.0
Female,8.3,3.6,45.2,9.6,High School,Multiple,No,40.8
Female,7.4,1.6,73.4,4.3,High School,None,No,57.7
Other,7.6,1.3,84.0,6.5,Bachelor,Clubs,Yes,65.1
Other,2.7,1.9,54.5,8.2,Bachelor,Arts,No,36.3
Female,2.8,5.7,8.7,6.8,High School,Sports,No,13.5
Other,2.6,2.2,23.7,8.8,Bachelor,None,Yes,25.5
Male,2.1,2.7,16.5,5.1,High School,Arts,No,11.8
Female,7.9,3.6,12.5,9.8,Master,Sports,No,36.2
Other,10.2,7.3,36.6,6.3,High School,Clubs,Yes,39.0
Female,8.7,1.5,22.9,6.0,Master,Multiple,Yes,48.3
Male,9.5,0.0,21.8,9.2,Bachelor,Clubs,Yes,55.8
Female,4.9,0.5,5.5,7.4,Bachelor,Sports,No,27.7
Female,7.8,7.2,1.8,7.1,Bachelor,Multiple,Yes,31.8
Female,4.3,5.2,10.3,8.4,Bachelor,Clubs,No,25.0
Female,6.3,2.2,17.2,7.5,High School,Multiple,Yes,43.1
Male,5.8,1.4,43.1,5.0,Master,Arts,No,42.8
Female,2.1,2.4,51.1,8.0,Bachelor,Clubs,No,28.9
Female,4.6,0.9,14.1,4.8,Bachelor,Arts,No,23.9
Other,11.6,7.5,42.5,8.8,Bachelor,Sports,No,59.4
Female,3.0,6.3,34.2,9.9,Master,Multiple,No,22.5
Other,1.6,3.7,18.3,6.3,Bachelor,None,No,15.1
Male,5.0,6.9,0.7,6.7,High School,None,No,10.0
Male,9.5,2.0,46.7,4.3,Bachelor,Multiple,No,57.3
Male,7.0,5.7,68.6,4.1,Bachelor,None,No,44.7
Male,8.2,6.8,22.6,9.5,PhD,Multiple,Yes,32.0
Other,2.3,2.9,13.2,4.8,Master,Clubs,No,10.0
Female,7.4,6.1,88.7,6.7,Bachelor,None,No,52.5
Male,3.9,2.4,27.5,8.9,High School,Sports,No,21.2
Female,10.0,2.4,22.4,9.3,Master,Clubs,No,44.1
Other,7.6,0.9,85.7,7.1,Bachelor,Arts,No,73.8
Other,2.4,3.5,81.7,7.4,PhD,Multiple,Yes,53.2
Other,0.8,5.8,44.8,8.0,High School,Multiple,No,20.7
Male,0.5,7.5,48.9,9.8,High School,Sports,Yes,10.0
Female,4.5,4.8,21.8,7.6,High School,None,Yes,20.0
Female,3.2,6.9,7.8,7.4,Bachelor,Multiple,No,11.1
Female,7.8,6.6,57.3,4.1,PhD,Arts,No,37.4
Other,6.0,1.4,9.8,4.5,None,None,No,26.7
Male,3.2,3.9,44.9,7.5,Bachelor,Clubs,No,28.9
Other,1.8,0.9,94.0,9.6,Bachelor,Multiple,Yes,29.5
Other,1.5,5.5,95.3,9.2,Bachelor,Arts,No,15.5
Female,10.4,7.6,23.9,9.9,High School,Sports,Yes,32.3
Other,2.9,1.1,62.4,7.2,Master,Clubs,No,42.8
Female,7.8,5.9,47.4,8.7,None,Clubs,No,43.2
Male,9.7,5.1,87.6,9.0,Master,Multiple,Yes,74.9
Female,7.4,4.7,27.1,7.9,High School,Multiple,No,42.9
Male,10.3,3.1,0.4,6.0,Bachelor,Arts,No,44.9
Female,4.7,2.8,16.3,6.8,Master,Clubs,No,26.7
Other,11.5,0.4,35.0,9.1,High School,Multiple,No,54.1
Other,1.6,1.7,31.6,5.8,High School,None,Yes,10.0
Male,1.2,0.1,79.1,9.5,Bachelor,None,Yes,33.7
Male,7.9,4.7,68.1,5.4,Bachelor,Multiple,Yes,50.5
Male,11.3,0.8,30.0,8.5,Bachelor,None,No,68.5
Female,9.7,7.0,45.8,7.8,High School,None,Yes,44.1
Female,0.9,4.2,9.6,8.5,None,None,No,10.0
Male,3.4,5.6,89.8,6.6,Bachelor,Sports,Yes,29.4
Other,11.2,3.3,93.5,9.6,High School,Sports,No,66.8
Female,3.0,4.5,98.0,7.8,Master,Sports,Yes,43.4
Female,9.4,7.5,86.9,5.7,None,Multiple,Yes,38.5
Female,9.9,0.7,17.4,7.8,Bachelor,Clubs,Yes,51.5
Male,5.9,2.0,4.6,5.7,High School,Clubs,No,22.4
Male,4.6,6.2,58.0,5.8,High School,None,No,20.8
Male,5.4,0.8,91.3,6.4,Bachelor,Clubs,No,52.5
Male,2.7,0.6,17.7,9.1,Bachelor,Clubs,No,28.8
Male,10.7,2.9,0.7,7.0,None,Clubs,No,55.3
Other,5.4,0.7,80.5,8.1,None,Sports,No,62.5
Other,10.6,4.7,7.7,6.4,High School,Sports,Yes,41.8
Male,1.3,1.8,41.4,5.6,Master,Clubs,No,16.8
Female,11.9,7.2,67.9,9.7,Bachelor,Clubs,No,69.6
Male,5.3,6.3,23.7,7.6,None,Clubs,No,24.0
Other,0.6,5.6,8.4,9.6,Bachelor,Arts,Yes,10.0
Other,0.5,4.9,77.0,5.2,Bachelor,Sports,No,12.6
Female,9.0,6.9,63.0,4.9,Master,Clubs,Yes,45.5
Other,7.9,1.8,98.8,9.1,PhD,None,Yes,63.6
Male,9.6,7.0,34.4,8.1,High School,Clubs,No,46.6
Female,1.3,6.3,6.2,5.1,High School,Multiple,No,10.0
Male,0.4,6.0,73.4,5.6,High School,Clubs,No,22.4
Male,6.1,4.5,52.2,8.8,Master,Sports,No,39.3
Female,4.7,2.0,21.3,6.7,PhD,Sports,Yes,36.0
Male,5.5,3.4,78.2,8.0,Bachelor,Clubs,Yes,45.8
Other,11.9,6.3,20.4,5.9,High School,Multiple,No,47.2
Male,11.6,0.3,26.1,6.3,Bachelor,Arts,No,71.1
Female,11.3,6.3,9.3,9.9,High School,Arts,No,31.5
Female,9.4,1.9,39.9,5.5,High School,None,No,45.0
Female,4.3,1.2,41.9,7.0,Bachelor,Clubs,No,40.1
Male,4.9,0.9,51.5,9.1,None,Clubs,No,41.4
Female,6.6,0.2,70.9,5.4,High School,Multiple,Yes,57.0
Female,10.0,4.2,90.6,6.5,Bachelor,Sports,No,77.8
Male,0.8,1.7,13.8,7.7,None,Clubs,No,10.0
Other,5.1,7.9,5.4,6.9,High School,Sports,No,10.0
Male,1.0,4.6,1.9,6.8,High School,Arts,No,10.0
Female,6.2,1.1,14.4,6.2,Master,Clubs,No,40.4
Female,10.8,5.5,65.8,7.5,Master,Sports,No,60.9
Male,9.4,7.2,72.7,7.7,None,Sports,Yes,57.3
Other,2.7,6.0,78.7,7.9,Bachelor,Clubs,Yes,20.6
Female,11.7,0.6,24.4,4.4,High School,Arts,No,64.4
Female,8.0,7.2,30.6,7.8,Bachelor,None,No,43.7
Female,0.1,6.4,48.3,9.7,Bachelor,Sports,No,10.0
Male,3.1,1.3,6.3,7.2,Master,Arts,No,31.7
Female,3.1,0.4,61.1,8.3,Bachelor,Multiple,No,42.2
Other,0.8,4.5,98.4,7.3,PhD,None,Yes,30.8
Female,11.5,1.2,36.1,9.1,PhD,Clubs,Yes,62.3
Female,5.7,6.7,75.3,9.6,Master,None,No,36.2
Other,10.7,2.9,50.0,5.1,Bachelor,Sports,Yes,55.6
Female,3.9,7.3,12.8,6.6,High School,Sports,Yes,10.0
Male,1.5,4.5,58.2,6.4,High School,Multiple,No,16.0
Male,5.7,1.5,30.0,6.4,None,None,Yes,27.1
Male,1.4,1.1,3.4,4.8,High School,Clubs,No,10.0
Other,5.8,4.6,63.5,8.9,Bachelor,Arts,No,53.9
Female,11.0,6.1,85.9,4.2,Bachelor,Multiple,No,63.5
Male,6.2,6.3,34.5,7.2,Master,Clubs,No,34.1
Other,7.4,2.2,39.0,8.0,High School,Clubs,No,56.3
Female,1.9,1.6,89.1,5.2,High School,Multiple,Yes,29.2
Other,0.5,0.1,81.4,9.4,Master,Arts,Yes,23.9
Male,1.3,5.4,71.5,9.0,High School,Clubs,No,18.0
Male,7.2,0.6,24.9,6.8,High School,Sports,Yes,33.5
Male,1.1,3.4,91.0,6.5,PhD,None,Yes,34.5
Other,4.5,4.8,15.4,5.4,Master,Arts,No,10.2
Other,6.6,7.5,62.7,8.4,Bachelor,Sports,No,49.7
Male,4.7,2.5,2.9,4.8,Master,Sports,No,21.0
Other,2.0,2.0,64.4,8.1,Bachelor,Arts,Yes,29.2
Male,3.3,5.2,27.7,9.1,Master,Sports,No,15.5
Male,11.1,5.0,45.0,5.4,Master,Arts,No,59.2
Female,8.1,2.7,34.5,9.2,High School,None,Yes,35.1
Other,6.0,7.4,17.3,4.2,Bachelor,Multiple,Yes,16.0
Male,0.2,6.8,62.2,9.5,None,Multiple,No,10.0
Male,11.9,1.8,88.2,4.7,None,Multiple,No,77.3
Other,8.1,1.9,95.9,7.9,Master,Sports,No,68.2
Female,3.8,4.1,19.2,5.5,Bachelor,Arts,Yes,10.3
Female,10.6,6.2,71.7,9.0,Bachelor,Multiple,No,59.2
Male,3.1,0.4,66.4,7.1,Master,Multiple,No,50.0
Other,6.5,5.5,34.3,4.8,PhD,Clubs,Yes,35.0
Female,7.6,5.2,1.9,7.4,Master,Sports,Yes,29.6
Other,2.7,1.9,69.0,6.4,Bachelor,Arts,Yes,44.7
Other,11.7,5.5,94.5,8.0,High School,Clubs,No,89.7
Male,9.0,7.5,63.2,9.3,High School,Sports,No,43.2
Female,6.7,0.4,43.5,6.5,Bachelor,Arts,No,46.3
Male,2.2,2.6,52.5,5.7,High School,Clubs,No,21.4
Female,0.6,3.5,20.0,4.1,Bachelor,Clubs,No,10.0
Female,3.8,7.2,75.1,7.4,Bachelor,Arts,No,39.5
Female,9.0,7.7,74.6,6.4,PhD,Arts,Yes,55.8
Female,3.2,3.6,14.6,6.2,Bachelor,Multiple,No,21.6
Female,6.5,6.0,87.8,5.1,Bachelor,Arts,No,54.2
Other,8.7,4.3,26.9,6.6,High School,Clubs,Yes,37.3
Male,1.3,4.3,98.2,9.9,None,Clubs,No,21.5
Other,8.2,2.2,38.3,5.8,High School,Clubs,Yes,45.4
Female,1.1,1.7,17.8,7.6,Master,Clubs,No,18.3
Male,11.6,2.3,35.2,8.7,High School,Arts,No,73.3
Female,5.9,4.5,44.0,8.5,Bachelor,Arts,No,45.9
Male,1.8,0.2,6.9,6.0,Bachelor,Arts,No,14.9
Other,4.1,7.3,57.8,7.7,High School,None,No,17.8
Male,5.0,1.3,59.8,9.2,High School,Sports,Yes,27.4
Male,9.1,1.8,73.9,4.1,Bachelor,None,Yes,54.8
Male,8.9,4.1,2.9,6.6,Bachelor,Multiple,No,42.4
Male,7.3,5.7,54.1,5.3,Master,Sports,Yes,44.0
Male,1.3,0.8,5.3,6.3,Bachelor,None,Yes,10.0
Female,1.8,2.5,70.1,6.5,Bachelor,None,No,26.2
Male,1.1,7.7,5.6,8.5,Master,Clubs,Yes,10.0
Male,6.9,2.1,91.2,4.6,Bachelor,None,No,54.9
Other,10.5,2.5,70.2,7.1,PhD,Arts,No,83.8
Male,5.2,6.7,50.7,7.4,High School,None,No,36.7
Other,1.9,0.4,44.2,7.0,Bachelor,Clubs,No,26.9
Female,6.7,3.7,13.1,8.4,High School,Multiple,Yes,35.3
Male,9.7,3.0,29.1,6.3,High School,Multiple,No,47.6
Other,8.9,2.5,86.9,9.7,High School,Sports,Yes,54.1
Other,10.6,2.3,90.4,6.9,Bachelor,Arts,Yes,79.5
Female,3.3,0.7,0.1,7.4,High School,Arts,No,20.9
Male,2.3,2.5,59.4,9.0,High School,Sports,Yes,31.0
Male,10.6,0.3,71.9,5.7,PhD,Sports,No,77.8
Other,7.9,6.2,61.9,4.5,Master,None,No,44.0
Male,3.7,3.2,8.2,8.2,Bachelor,Clubs,No,24.2
Other,8.9,3.6,21.8,6.9,Master,Sports,No,50.1
Male,9.8,7.1,25.0,9.4,PhD,Arts,Yes,33.2
Other,7.4,5.3,83.2,9.9,Bachelor,Arts,No,51.5
Male,8.3,0.1,46.3,6.4,High School,Arts,Yes,49.1
Female,4.5,7.5,48.7,6.5,Master,Clubs,No,23.9
Male,6.5,1.9,93.5,6.4,Bachelor,Clubs,Yes,61.9
Male,6.3,0.9,63.7,5.9,Bachelor,Clubs,Yes,42.0
Female,10.2,6.1,89.9,8.7,Bachelor,Arts,No,76.0
Male,10.1,4.0,45.7,8.6,Bachelor,None,No,64.9
Female,10.0,3.5,14.9,6.9,Master,Sports,No,50.3
Male,0.1,2.0,93.0,4.3,High School,Multiple,No,30.4
Other,9.0,4.4,45.9,5.9,PhD,Multiple,No,50.6
Other,9.1,2.2,18.2,5.8,Master,Clubs,No,46.6
Male,8.1,7.2,30.2,8.9,Bachelor,Sports,No,42.6
Male,9.1,1.7,5.1,4.5,Bachelor,None,Yes,46.9
Male,10.1,7.1,46.8,8.8,High School,Sports,No,56.7
Other,5.6,4.5,85.3,8.0,None,Multiple,No,48.6
Male,6.0,6.6,93.4,8.4,High School,Clubs,Yes,46.1
Other,1.5,5.7,93.3,6.6,Master,Multiple,Yes,22.7
Female,4.6,5.6,12.5,8.1,Bachelor,Arts,Yes,25.2
Other,7.7,2.6,38.2,7.7,High School,None,No,52.0
Other,9.4,1.9,2.8,8.6,High School,None,No,47.5
Female,2.6,1.7,85.5,6.7,PhD,None,No,48.2
Other,1.7,6.9,35.9,6.8,High School,Arts,No,10.0
Male,8.0,6.6,63.1,7.9,Master,Sports,No,47.9
Male,0.0,3.5,71.5,4.6,High School,Clubs,Yes,19.9
Other,2.1,1.1,43.0,6.6,Bachelor,Clubs,Yes,23.6
Male,0.3,3.1,30.6,9.8,None,Sports,No,10.0
Other,2.0,5.0,96.2,4.2,Bachelor,None,No,24.6
Male,2.2,3.6,96.4,5.9,Bachelor,None,No,29.7
Male,4.7,6.2,28.9,5.9,High School,Clubs,No,25.6
Other,4.8,8.0,48.0,7.8,Bachelor,Arts,No,28.1
Male,10.5,1.5,97.3,4.6,Bachelor,Sports,No,78.3
Other,6.1,3.7,0.5,7.8,Bachelor,Multiple,Yes,29.1
Male,8.7,3.4,41.3,4.6,Master,Arts,No,49.7
Male,1.2,2.4,10.0,4.6,High School,Arts,Yes,10.0
Female,2.7,1.6,50.9,8.4,Bachelor,Clubs,No,25.5
Female,8.4,0.5,2.5,5.9,PhD,Clubs,Yes,44.3
Other,0.6,7.1,40.7,9.9,Master,Clubs,No,10.0
Female,5.8,3.4,22.1,4.2,PhD,Sports,No,41.6
Other,7.2,4.0,53.3,6.7,High School,Sports,No,41.3
Female,7.2,7.3,99.6,4.7,Master,Clubs,No,49.8
Male,0.3,6.2,80.1,6.1,Bachelor,Arts,No,31.0
Other,3.9,1.0,84.6,10.0,High School,Clubs,Yes,41.9
Other,7.6,4.5,63.5,9.3,Master,Multiple,No,44.8
Male,1.8,3.5,4.2,4.3,Bachelor,Multiple,No,10.0
Other,8.3,6.4,20.7,7.4,High School,Sports,Yes,29.0
Other,9.0,5.8,92.5,7.9,High School,None,No,63.9
Female,11.8,5.5,36.6,5.3,Master,Sports,No,53.9
Other,2.5,2.7,10.4,4.9,High School,Clubs,No,18.4
Male,9.9,6.4,70.2,9.4,High School,Sports,No,53.7
Female,6.2,0.4,29.9,9.8,Bachelor,None,Yes,37.6
Female,4.5,1.3,26.9,10.0,High School,None,No,29.8
Male,1.5,2.7,99.8,8.7,Master,Sports,No,49.0
Male,8.8,0.6,85.8,8.0,Bachelor,None,Yes,66.6
Female,2.8,1.9,40.8,6.1,Bachelor,None,No,28.1
Other,4.5,6.6,98.0,5.0,Master,Clubs,No,38.3
Female,0.8,7.6,65.0,4.5,Bachelor,None,Yes,15.9
Male,9.6,2.4,74.2,8.2,High School,None,Yes,52.4
Female,9.2,2.1,3.2,8.7,Master,Clubs,No,48.8
Male,8.8,2.2,12.2,9.0,Bachelor,Clubs,Yes,45.5
Female,3.6,2.2,63.3,9.5,High School,Sports,No,32.1
Other,2.1,0.3,89.9,9.3,Bachelor,None,No,37.8
Female,7.7,7.4,62.4,10.0,Master,Clubs,No,42.8
Female,6.0,1.7,13.4,5.5,Master,Sports,No,32.4
Male,2.1,3.4,11.6,8.6,PhD,None,No,19.7
Male,8.2,0.1,84.4,7.5,Master,None,No,75.7
Male,11.9,6.9,13.9,5.6,Master,None,No,54.9
Female,9.0,5.8,52.0,9.9,Master,Arts,No,57.6
Other,8.9,7.6,3.7,9.4,None,Multiple,No,25.9
Male,11.4,6.3,8.1,4.8,High School,Clubs,No,37.5
Male,2.4,2.5,67.2,4.2,Bachelor,Arts,Yes,22.3
Female,6.8,2.0,68.9,8.1,Bachelor,Sports,No,51.8
Male,11.8,5.6,34.1,7.6,High School,Arts,No,63.4
Other,2.0,2.9,21.6,9.6,High School,Sports,No,10.0
Other,8.4,4.5,81.4,5.4,High School,Sports,Yes,52.1
Male,7.0,0.1,21.7,4.5,Bachelor,Clubs,No,42.0
Male,7.0,0.5,54.2,5.6,Master,Multiple,No,49.1
Female,8.4,4.3,96.8,4.1,PhD,Sports,No,60.8
Other,11.2,4.5,14.8,4.2,Master,Clubs,No,48.1
Other,9.4,6.0,94.1,9.5,Master,Sports,No,65.2
Male,0.7,1.1,18.3,6.1,Bachelor,Sports,No,13.3
Female,10.2,4.1,56.7,6.5,High School,None,No,49.7
Other,2.7,1.6,37.7,4.1,High School,Clubs,Yes,12.4
Other,4.5,0.7,96.5,5.6,Bachelor,Clubs,No,49.3
Female,5.5,3.3,27.4,8.8,High School,Clubs,Yes,31.7
Female,5.8,1.3,40.0,7.7,Bachelor,None,No,47.8
Other,5.2,1.8,98.3,8.5,Bachelor,None,Yes,55.6
Other,11.2,2.5,53.6,6.7,Bachelor,Arts,No,66.7
Female,8.5,2.1,50.3,5.9,PhD,Sports,No,54.2
Other,7.6,0.7,25.8,6.9,Bachelor,Sports,No,49.4
Male,0.6,0.7,70.1,5.9,High School,Multiple,No,25.4
Male,10.8,1.5,1.4,9.0,Bachelor,Clubs,No,54.6
Female,10.9,0.4,5.0,5.8,Bachelor,Sports,Yes,44.8
Female,9.4,5.0,59.9,8.0,High School,None,No,56.4
Female,0.1,2.3,34.2,4.8,High School,None,No,10.0
Male,0.7,2.2,95.3,8.1,Bachelor,Clubs,Yes,35.8
Other,2.7,2.7,90.3,9.5,PhD,Clubs,Yes,44.7
Male,1.6,5.3,71.4,7.7,Bachelor,Clubs,Yes,17.7
Other,4.8,7.0,81.8,7.4,Master,Sports,Yes,46.9
Male,11.1,6.1,66.7,9.8,Master,None,No,62.3
Other,5.7,5.8,12.6,7.8,High School,Multiple,Yes,28.8
Male,0.2,3.9,76.6,5.6,Bachelor,Multiple,No,16.6
Female,3.4,5.6,21.0,5.8,Bachelor,Arts,Yes,10.0
Male,0.5,4.4,32.3,8.2,High School,None,Yes,10.0
Other,0.4,1.7,81.9,8.4,Bachelor,Arts,No,40.1
Male,3.3,1.7,53.7,5.8,Bachelor,Multiple,No,25.4
Male,3.3,2.4,86.0,6.1,High School,Clubs,Yes,32.9
Male,9.4,7.3,21.3,9.9,Master,Clubs,No,40.5
Female,11.7,4.4,60.8,4.6,Master,None,Yes,60.0
Male,4.5,5.9,8.4,6.4,PhD,None,Yes,25.1
Female,5.1,2.8,64.3,4.4,High School,None,Yes,35.9
Female,10.1,3.3,76.3,8.9,PhD,Multiple,No,74.0
Male,3.2,1.0,58.5,4.6,High School,Arts,No,26.5
Male,1.9,1.4,26.6,8.0,High School,Clubs,No,18.9
Male,10.2,6.6,3.1,4.3,Master,None,No,35.5
Other,0.6,4.7,11.9,8.0,Bachelor,Multiple,No,10.0
Male,7.4,2.7,62.2,9.1,Bachelor,Clubs,No,49.7
Female,6.7,6.4,93.4,6.4,Bachelor,Sports,No,47.0
Male,4.2,2.0,20.7,7.1,None,Multiple,No,32.7
Other,3.8,7.8,73.5,6.4,Bachelor,Sports,Yes,25.5
Male,9.3,2.8,86.6,5.8,Bachelor,Sports,No,59.5
Other,1.0,2.7,52.1,8.8,Bachelor,Sports,No,22.9
Other,2.8,2.5,66.9,5.6,Bachelor,Multiple,No,36.2
Male,8.8,1.0,81.5,8.3,PhD,Multiple,No,78.3
Female,6.6,0.9,26.1,5.2,Bachelor,Sports,No,40.4
Other,1.5,5.2,29.7,5.5,Bachelor,Clubs,No,10.0
Male,10.6,7.0,0.1,6.0,PhD,Clubs,Yes,41.5
Male,4.7,6.3,96.3,7.5,Bachelor,Clubs,No,51.7
Female,9.9,1.1,91.8,6.7,None,Sports,No,65.2
Other,9.5,4.4,76.5,8.5,None,Arts,No,60.6
Other,7.5,0.8,7.9,5.3,Bachelor,Clubs,No,40.5
Male,5.9,0.4,44.8,4.1,High School,None,Yes,35.5
Male,11.8,5.3,10.2,8.7,Bachelor,Sports,No,49.9
Female,1.7,4.3,1.6,8.9,High School,Clubs,No,10.0
Female,8.7,0.7,61.6,4.4,High School,Sports,No,51.4
Other,2.3,0.3,96.1,7.7,Bachelor,Multiple,No,46.2
Other,4.1,7.9,90.3,6.3,PhD,None,Yes,31.8
Male,3.7,0.2,69.7,8.8,Bachelor,Multiple,Yes,53.3
Other,11.4,3.6,9.7,9.2,PhD,Sports,No,44.9
Female,11.6,4.0,27.4,9.1,PhD,None,No,49.6
Female,2.2,0.9,32.0,8.7,High School,Sports,No,28.0
Male,0.3,1.4,76.3,5.6,High School,Clubs,No,21.8
Female,8.6,2.8,80.2,8.9,Master,Clubs,Yes,65.2
Female,5.0,6.1,38.5,7.2,Master,Sports,Yes,31.6
Female,1.1,4.1,41.8,4.3,Bachelor,None,No,10.0
Female,8.2,5.1,4.5,6.7,PhD,Arts,No,39.5
Male,6.5,7.9,28.9,9.7,None,Arts,No,19.6
Male,11.8,6.1,45.1,9.3,High School,Clubs,No,59.4
Other,2.7,3.5,11.7,4.6,Bachelor,None,No,19.0
Female,4.8,3.6,45.3,8.5,Bachelor,Arts,Yes,33.9
Other,6.5,5.0,85.3,8.8,High School,Clubs,No,46.1
Male,9.5,5.3,58.1,5.6,High School,Multiple,Yes,48.5
Male,6.6,4.0,7.9,6.8,None,Clubs,No,26.1
Male,7.4,5.2,19.2,8.3,Bachelor,Sports,No,37.2
Male,2.7,0.2,47.5,6.6,Master,None,No,26.3
Male,10.2,3.4,36.1,4.7,Master,Arts,Yes,51.1
Male,5.1,2.2,35.9,8.2,Bachelor,Arts,No,41.0
Male,1.7,1.0,52.9,9.5,Bachelor,Multiple,No,29.8
Female,8.0,0.8,58.4,7.9,Bachelor,Clubs,Yes,57.7
Other,2.6,4.8,79.7,8.6,High School,Arts,Yes,26.0
Male,1.2,4.2,34.1,6.2,High School,Sports,No,10.0
Female,10.3,2.0,80.5,5.1,High School,Sports,No,71.9
Female,5.5,3.8,33.9,7.9,Master,Sports,No,47.4
Other,9.0,3.9,5.5,6.0,Master,None,Yes,45.1
Male,3.5,1.6,55.4,9.2,Bachelor,Arts,No,34.1
Other,9.4,5.2,58.8,4.7,Bachelor,Sports,Yes,48.3
Male,1.3,6.2,93.5,6.6,High School,Sports,No,26.0
Female,4.3,6.3,72.6,6.4,Bachelor,None,No,35.6
Female,11.7,4.8,91.8,9.6,Bachelor,None,No,70.4
Female,9.5,4.1,90.8,4.9,Bachelor,None,No,67.4
Female,6.0,0.5,60.5,4.1,High School,Clubs,Yes,33.9
Other,4.1,2.3,52.8,5.4,Master,Sports,Yes,24.3
Male,10.5,0.7,55.7,8.9,Bachelor,Arts,No,64.1
Male,6.5,7.7,97.8,5.3,Master,Arts,Yes,39.0
Other,9.1,1.1,77.3,5.4,Master,Multiple,No,74.9
Male,9.0,1.2,10.6,4.8,PhD,None,Yes,37.1
Female,0.2,7.1,77.8,8.3,High School,Sports,No,12.0
Male,1.5,7.6,17.1,4.4,High School,Sports,No,10.0
Female,7.9,6.1,44.7,6.0,High School,Arts,Yes,43.7
Other,1.9,0.0,21.0,5.7,High School,Multiple,No,23.6
Male,3.1,0.0,69.0,7.3,Bachelor,Clubs,No,50.2
Other,11.4,3.0,87.7,8.4,Bachelor,Clubs,No,87.4
Male,6.7,1.1,29.0,7.2,Bachelor,Sports,No,55.2
Female,9.0,0.1,8.2,9.6,High School,Clubs,No,34.9
Other,6.7,3.7,29.8,9.7,Master,None,No,28.7
Male,6.6,7.5,67.2,6.2,None,Arts,No,32.9
Female,1.1,2.6,32.9,8.7,High School,Arts,Yes,15.2
Other,4.1,5.3,27.8,8.4,Bachelor,Sports,No,26.6
Other,3.4,5.2,18.4,9.4,Master,Sports,No,15.4
Male,4.7,2.0,49.8,6.7,Bachelor,Clubs,Yes,40.4
Male,9.6,5.2,27.6,7.2,None,None,No,35.5
Male,4.5,1.7,73.1,6.5,Bachelor,None,No,43.7
Female,5.4,1.0,7.7,9.1,High School,Sports,Yes,23.8
Male,4.8,5.6,66.4,5.4,High School,Sports,Yes,24.7
Other,1.1,0.9,23.8,5.4,Bachelor,Clubs,Yes,11.1
Other,5.3,8.0,48.9,6.2,High School,Arts,No,31.1
Male,2.3,1.5,28.6,5.4,High School,Clubs,No,16.0
Male,2.2,4.8,72.3,7.4,Bachelor,Sports,No,42.2
Other,1.1,3.3,94.5,4.8,PhD,Clubs,Yes,34.8
Female,4.3,1.0,91.7,5.9,PhD,Multiple,No,54.5
Male,9.1,0.2,58.3,9.5,Bachelor,Sports,No,63.0
Male,3.3,5.0,46.3,6.5,High School,Sports,No,26.6
Other,3.7,6.5,81.8,8.5,High School,Multiple,No,44.9
Male,7.7,6.7,68.3,4.7,High School,None,No,44.9
Female,2.4,3.9,18.4,5.5,Bachelor,Sports,No,13.8
Other,10.8,6.2,82.1,8.8,Bachelor,None,No,65.4
Male,6.2,5.4,42.9,8.6,Bachelor,None,No,40.0
Other,5.4,5.8,18.9,6.3,Bachelor,None,Yes,23.6
Male,6.7,3.9,28.2,9.7,High School,Sports,No,34.0
Male,2.0,5.1,26.8,9.5,Bachelor,Clubs,No,10.0
Male,7.4,6.4,51.9,9.8,High School,Sports,Yes,35.6
Female,4.4,3.2,23.4,6.6,Bachelor,Clubs,Yes,29.3
Female,10.8,6.4,12.4,5.2,Bachelor,Sports,No,35.7
Other,2.0,4.7,12.4,7.8,Bachelor,Multiple,Yes,10.0
Male,6.1,1.3,58.3,8.1,Bachelor,Multiple,No,59.2
Male,7.2,0.2,73.5,4.8,Bachelor,Clubs,No,52.2
Female,0.4,2.9,32.2,8.7,High School,Multiple,No,22.9
Male,4.4,4.4,3.5,4.1,None,Clubs,Yes,10.0
Female,8.8,6.7,12.7,6.9,Bachelor,Multiple,No,40.1
Male,9.8,1.0,91.5,6.0,High School,Sports,Yes,73.1
Other,3.8,6.4,49.4,8.4,Bachelor,Sports,No,25.3
Male,9.6,6.9,45.4,5.9,Bachelor,Clubs,Yes,48.1
Male,11.6,1.2,3.8,9.0,Master,Sports,No,62.2
Female,10.3,6.8,72.9,7.6,PhD,Clubs,Yes,66.1
Male,1.4,7.9,52.8,8.8,None,Multiple,Yes,10.0
Male,8.9,5.8,20.2,9.9,PhD,Sports,Yes,30.2
Female,3.8,6.3,11.0,8.1,Bachelor,Clubs,No,23.7
Other,11.9,8.0,38.3,9.9,Bachelor,None,No,48.9
Other,5.8,4.8,83.7,4.2,None,Sports,Yes,33.7
Female,1.5,2.5,86.5,6.0,Master,Arts,No,34.8
Female,8.7,6.7,60.3,4.6,High School,Sports,Yes,43.3
Female,3.9,4.9,72.8,5.6,Master,Arts,No,40.3
Female,12.0,4.6,11.5,9.0,None,Arts,Yes,48.5
Female,11.8,2.0,58.8,4.2,Bachelor,Sports,No,75.3
Other,7.9,6.1,66.7,7.1,Bachelor,Clubs,No,52.3
Other,1.6,0.7,20.1,7.4,High School,Arts,No,22.3
Female,8.2,7.4,88.0,7.4,High School,Sports,Yes,44.2
Male,1.1,2.6,19.5,6.9,Bachelor,Sports,Yes,10.0
Female,0.4,1.0,31.3,8.7,High School,Multiple,No,23.2
Male,9.9,3.5,62.1,4.8,Bachelor,Clubs,Yes,56.4
Female,2.5,0.3,63.8,5.9,Bachelor,Sports,No,35.2
Female,4.5,5.5,69.9,7.7,Master,None,Yes,33.1
Other,11.7,7.2,11.2,8.1,Bachelor,Clubs,Yes,46.1
Male,4.0,6.7,84.9,6.4,High School,Arts,Yes,22.0
Male,3.6,1.0,53.3,9.3,High School,None,No,24.4
Other,11.0,1.0,47.1,6.5,High School,Arts,No,66.4
Other,1.3,6.5,98.1,6.4,Master,Arts,No,32.5
Other,9.1,7.4,74.0,4.2,Master,Clubs,Yes,45.7
Other,11.9,3.7,11.8,7.3,High School,Sports,No,60.3
Male,10.8,4.0,75.7,8.3,High School,Arts,No,69.9
Male,7.8,2.5,9.5,4.7,Master,None,No,34.7
Female,3.8,7.2,2.7,5.8,Master,Multiple,Yes,10.0
Female,3.1,5.2,40.4,8.7,Master,Clubs,No,39.0
Other,9.8,2.3,99.4,6.2,Master,Clubs,No,78.5
Other,10.6,2.4,17.5,5.4,Bachelor,Clubs,No,55.4
Other,6.3,7.1,67.3,8.0,High School,Sports,Yes,41.3
Female,2.9,0.1,17.3,5.2,Bachelor,Multiple,Yes,18.3
Female,1.4,2.6,72.5,9.4,Bachelor,None,Yes,13.6
Female,1.0,4.4,50.5,4.6,Bachelor,Clubs,No,10.3
Female,8.6,1.2,68.0,8.2,Bachelor,Sports,No,68.3
Female,5.0,0.7,20.3,7.0,High School,Sports,No,35.6
Female,10.9,6.5,74.6,9.2,High School,Arts,No,64.2
Female,8.9,7.2,99.6,4.8,Bachelor,Clubs,No,53.9
Other,2.3,6.6,66.6,8.1,High School,Clubs,No,23.7
Other,7.4,7.2,49.3,7.4,Bachelor,Arts,No,45.4
Other,5.2,4.4,92.3,6.9,Master,Sports,No,50.4
Other,6.9,6.5,1.6,6.9,Master,Multiple,No,33.5
Female,8.9,3.1,73.0,8.3,Bachelor,Sports,No,61.2
Male,9.7,5.3,88.9,9.6,Bachelor,Clubs,No,53.6
Female,10.1,7.9,6.2,4.5,None,Arts,No,27.5
Male,3.0,1.8,45.0,4.1,Bachelor,Sports,No,25.2
Other,0.4,3.1,20.5,8.8,Bachelor,None,Yes,10.0
Female,8.9,3.8,56.7,4.6,Bachelor,Sports,No,52.9
Other,1.3,1.1,65.0,9.9,Master,Sports,Yes,23.3
Female,3.8,0.6,30.3,7.7,Bachelor,None,Yes,24.3
Other,0.0,6.6,46.0,7.9,None,None,No,10.0
Male,8.2,7.8,27.9,5.2,High School,Sports,No,23.0
Male,2.0,3.2,36.9,5.4,Bachelor,Arts,No,15.4
Male,7.9,0.7,16.0,8.0,Bachelor,Clubs,No,43.8
Female,11.9,0.5,88.6,9.5,Master,None,Yes,82.3
Male,0.9,7.1,1.0,9.9,Bachelor,Sports,Yes,10.0
Female,0.9,3.7,88.2,5.2,Bachelor,Sports,No,22.2
Male,4.1,2.6,57.2,4.8,Bachelor,Arts,No,25.6
Male,10.4,3.8,33.2,4.3,Bachelor,Clubs,Yes,53.6
Female,2.6,2.5,72.3,9.2,Bachelor,Arts,No,39.7
Female,4.3,3.9,50.8,5.8,Bachelor,Clubs,No,23.3
Male,0.8,6.9,49.9,4.0,Bachelor,Arts,No,10.0
Female,9.2,4.7,11.0,5.3,High School,Arts,No,37.4
Male,4.9,5.6,39.0,6.0,Master,Sports,No,30.0
Female,9.1,2.9,24.1,9.9,High School,Clubs,No,34.1
Other,10.8,5.9,1.6,7.1,High School,Multiple,No,38.8
Other,2.8,5.3,36.0,5.2,High School,Arts,Yes,10.0
Other,9.7,1.0,9.0,6.0,None,Clubs,No,42.9
Other,0.7,4.6,25.7,6.0,Bachelor,None,No,10.0
Other,10.8,2.1,9.3,4.1,High School,Multiple,Yes,50.9
Male,7.8,6.4,10.1,4.8,None,None,Yes,11.3
Other,10.5,3.4,19.9,8.2,Bachelor,Sports,No,52.8
Other,0.0,8.0,100.0,4.7,Bachelor,None,No,10.0
Other,2.0,0.7,0.2,5.4,High School,Multiple,No,10.6
Other,4.7,6.2,63.9,6.1,Bachelor,Multiple,Yes,28.6
Female,4.6,5.4,14.1,8.5,Bachelor,Multiple,No,20.5
Male,2.7,6.1,92.1,7.5,PhD,Clubs,No,32.9
Other,4.6,2.5,9.4,8.1,Bachelor,Arts,Yes,32.3
Other,1.5,3.9,95.5,7.4,High School,Multiple,No,47.4
Other,5.0,6.4,61.1,8.1,Bachelor,Multiple,Yes,36.2
Male,9.6,1.9,0.1,4.0,Bachelor,Arts,Yes,45.5
Female,5.7,1.8,89.4,9.6,High School,None,No,45.3
Male,0.2,4.4,52.2,4.7,Master,Clubs,No,11.8
Female,5.1,4.2,26.3,6.4,Bachelor,Multiple,Yes,31.4
Other,0.3,2.3,76.7,8.6,PhD,Multiple,No,31.5
Other,11.6,2.4,92.7,6.6,Bachelor,Multiple,Yes,79.9
Male,1.5,2.2,48.4,9.7,Bachelor,Multiple,Yes,15.5
Male,8.5,6.2,31.6,6.8,Bachelor,Multiple,No,44.8
Female,11.7,5.2,78.9,9.2,Bachelor,Clubs,No,68.7
Female,9.9,6.7,68.2,8.9,Bachelor,Clubs,Yes,55.1
Male,8.4,7.8,88.9,9.9,Master,Sports,No,50.7
Female,10.1,3.8,69.3,9.6,Bachelor,Arts,Yes,63.5
Male,11.8,0.5,24.4,9.4,Master,Arts,No,66.5
Female,7.5,0.4,93.2,8.4,Master,Multiple,No,78.0
Male,6.7,2.4,10.5,6.2,PhD,Arts,No,50.3
Male,7.5,7.5,26.8,4.6,Bachelor,None,Yes,17.6
Male,6.4,4.2,52.0,8.1,Bachelor,None,No,47.7
Female,7.6,2.2,56.6,9.9,High School,Clubs,No,47.7
Female,5.4,3.2,1.5,8.4,Bachelor,Arts,No,30.4
Female,2.6,4.8,78.1,9.6,High School,Sports,No,26.6
Male,1.4,5.2,36.2,8.8,High School,None,No,10.0
Female,0.8,1.2,40.6,5.0,High School,Arts,No,10.0
Female,3.2,7.8,80.9,5.5,Master,None,No,25.9
Male,0.6,4.4,37.9,6.1,Master,Sports,No,10.4
Other,6.8,1.1,4.7,5.0,Bachelor,Sports,No,30.7
Male,3.4,7.1,17.6,7.5,Bachelor,Arts,No,19.0
Female,9.9,0.6,95.6,9.9,Bachelor,Arts,No,68.8
Male,0.9,7.3,7.0,8.6,Bachelor,Sports,No,10.0
Other,2.7,8.0,35.5,6.5,Bachelor,Multiple,No,19.5
Male,8.8,5.6,50.3,4.0,High School,Sports,No,39.9
Female,7.2,6.2,49.3,5.9,High School,Sports,No,42.0
Other,0.8,2.7,0.4,7.2,Bachelor,None,No,10.0
Female,10.5,7.5,50.1,5.9,Bachelor,Sports,No,58.4
Other,10.5,4.2,38.4,4.7,Bachelor,None,No,51.1
Other,4.0,5.9,97.2,6.7,PhD,None,No,38.0
Male,4.1,7.4,15.9,5.5,High School,Arts,No,10.7
Male,11.9,7.8,35.4,9.5,High School,Arts,Yes,45.8
Female,7.5,6.7,41.9,4.6,Bachelor,Arts,No,41.5
Male,6.4,2.4,39.1,4.3,None,Clubs,No,26.1
Male,10.1,7.7,66.6,4.0,High School,None,No,41.6
Other,3.4,5.0,21.6,6.0,High School,Multiple,Yes,18.2
Male,5.2,7.4,22.1,8.0,Bachelor,None,No,35.5
Other,3.2,5.4,72.9,8.4,High School,Clubs,No,35.9
Other,9.5,2.5,50.0,6.7,Bachelor,None,Yes,59.4
Other,6.9,3.0,41.5,8.1,Bachelor,Multiple,Yes,42.1
Female,7.9,4.4,16.9,6.2,High School,Arts,No,35.6
Female,3.0,6.3,18.8,8.0,Master,None,No,14.6
Female,2.6,2.5,1.1,4.2,High School,Arts,Yes,10.0
Other,5.9,4.6,9.1,6.3,Master,None,No,32.7
Female,8.9,2.8,55.7,8.7,PhD,Clubs,No,67.0
Female,6.3,6.5,89.2,8.8,High School,Clubs,No,53.9
Male,0.4,3.7,28.7,8.3,Master,Sports,No,15.0
Female,10.4,0.6,32.8,5.2,Master,Sports,No,67.8
Female,0.8,1.3,11.6,5.5,Master,None,No,10.0
Other,11.5,0.5,38.9,10.0,Bachelor,Clubs,Yes,69.4
Other,0.3,4.0,3.7,4.6,High School,Sports,Yes,10.0
Other,8.3,0.9,91.8,5.1,Master,Arts,No,67.9
Other,1.0,0.9,67.3,4.8,High School,Multiple,Yes,15.3
Other,10.9,7.5,99.1,6.0,High School,Sports,No,70.4
Other,5.6,7.0,88.3,5.3,High School,Multiple,Yes,35.5
Female,1.7,3.6,47.3,7.0,High School,Arts,Yes,23.2
Other,4.1,7.9,52.0,6.9,Bachelor,Sports,No,16.0
Other,2.0,0.0,19.1,9.4,Bachelor,Sports,No,18.4
Male,2.0,4.9,46.2,4.2,Master,Clubs,No,19.0
Female,11.4,4.9,90.3,5.9,High School,Sports,Yes,60.8
Female,5.3,3.7,5.1,7.6,PhD,None,Yes,30.9
Female,9.5,3.2,86.4,7.6,Master,None,No,62.5
Other,7.7,3.6,34.1,6.9,High School,Clubs,No,41.9
Other,8.1,3.3,90.0,8.9,High School,Arts,No,71.4
Other,1.6,5.8,94.1,4.4,Master,Arts,Yes,23.9
Male,2.8,1.1,67.1,8.9,Bachelor,None,No,35.7
Other,9.4,1.6,66.4,7.0,Master,Clubs,No,71.8
Male,11.6,1.4,45.3,4.8,Bachelor,Multiple,No,66.7
Female,3.2,2.1,83.6,9.3,Bachelor,None,No,41.3
Other,3.3,4.2,96.2,7.9,None,None,No,40.6
Male,5.7,0.9,77.5,5.0,Bachelor,Multiple,No,54.2
Male,11.8,6.9,62.2,4.2,None,Clubs,No,55.5
Other,3.2,2.4,60.7,4.8,Bachelor,Arts,No,26.1
Female,4.9,1.3,84.9,7.7,Master,Multiple,Yes,49.6
Female,10.7,5.4,54.1,5.1,Bachelor,Arts,Yes,54.4
Female,0.0,0.3,80.4,5.4,PhD,Sports,No,18.6
Male,0.5,5.0,50.9,4.2,Bachelor,Clubs,Yes,10.0
Male,7.2,5.6,6.2,8.3,Bachelor,Arts,Yes,21.9
Male,10.9,1.7,38.4,8.9,Bachelor,Multiple,No,71.9
Male,2.9,0.3,44.4,8.8,PhD,Sports,No,32.8
Female,5.6,2.9,14.2,4.8,Bachelor,Arts,No,28.4
Other,5.4,0.8,10.2,9.4,High School,Clubs,No,21.0
Male,5.7,0.9,53.5,8.0,PhD,Sports,No,53.5
Male,7.5,2.0,8.5,9.4,Bachelor,Sports,No,34.1
Female,5.6,2.4,30.3,6.7,High School,Multiple,No,35.3
Other,5.4,4.2,74.5,6.6,Bachelor,Sports,Yes,39.2
Other,5.7,5.4,96.4,8.7,Master,Arts,Yes,44.8
Female,7.1,4.7,71.8,4.6,Bachelor,Multiple,No,47.8
Female,6.4,1.2,99.3,7.1,High School,Sports,Yes,64.8
Other,10.2,1.4,69.8,9.0,Master,Multiple,Yes,78.6
Male,0.6,7.0,29.4,9.0,Master,Clubs,Yes,10.0
Other,10.0,4.5,67.2,9.7,Bachelor,Arts,No,59.0
Female,10.1,7.0,70.2,8.2,High School,Sports,No,56.4
Male,3.4,3.0,37.2,5.2,High School,Multiple,No,23.2
Male,5.6,4.9,1.8,4.1,Bachelor,Sports,Yes,16.5
Female,5.3,4.2,70.3,6.9,Master,Sports,No,45.1
Female,2.6,2.6,2.2,7.1,High School,Sports,Yes,13.0
Female,4.8,3.8,63.1,5.4,High School,Sports,No,33.1
Other,0.5,4.0,16.4,4.7,High School,Arts,No,10.0
Other,3.3,1.6,56.6,7.5,Bachelor,Multiple,No,32.6
Male,9.8,2.5,50.4,8.6,None,Multiple,No,53.4
Female,3.4,6.3,1.4,10.0,None,Sports,No,10.0
Male,9.8,7.3,36.3,8.5,None,Sports,No,43.2
Male,6.4,2.9,60.1,8.8,Bachelor,Clubs,No,53.2
Male,10.6,2.5,84.9,7.7,Bachelor,None,No,65.4
Male,6.9,1.6,88.9,9.9,High School,Clubs,No,54.8
Female,0.4,5.4,48.4,7.8,Master,Multiple,No,25.3
Male,8.1,2.6,72.8,9.2,High School,Multiple,No,55.0
Female,0.5,7.9,31.6,9.7,High School,Sports,No,10.0
Female,5.4,2.6,34.2,9.6,PhD,Arts,Yes,35.4
Other,11.2,3.2,19.4,6.3,Bachelor,None,No,56.9
Female,2.0,4.8,56.2,4.5,Bachelor,Sports,No,17.1
Other,4.7,6.4,31.5,5.0,High School,Arts,No,17.5
Female,8.8,3.8,8.4,4.4,Master,Multiple,Yes,30.7
Female,10.6,3.4,68.5,4.6,Bachelor,Multiple,No,65.5
Female,8.1,8.0,70.8,5.1,Master,Multiple,No,49.4
Other,3.1,0.1,36.0,6.0,High School,Multiple,No,27.7
Other,8.1,7.2,7.7,7.3,Bachelor,None,No,30.1
Male,3.6,1.2,42.6,8.3,Master,Arts,No,35.9
Other,8.6,6.3,44.2,5.3,PhD,None,No,41.2
Other,11.4,4.9,66.9,8.0,High School,Sports,Yes,62.0
Other,8.7,2.7,31.5,8.2,Master,Arts,No,51.7
Other,10.4,7.0,68.3,7.4,High School,Clubs,No,63.1
Male,0.0,0.1,87.1,9.4,Bachelor,Clubs,No,19.7
Other,8.6,1.8,23.7,4.7,High School,None,No,41.9
Female,10.0,4.5,97.9,5.1,Bachelor,None,No,69.0
Female,0.5,2.8,38.6,6.6,High School,None,No,10.0
Other,10.5,4.9,26.7,4.8,High School,None,No,43.2
Other,3.1,0.2,42.2,7.4,None,None,No,27.1
Female,8.0,0.9,9.4,6.4,High School,Clubs,No,48.6
Female,9.6,1.0,12.6,5.7,Master,Clubs,No,49.7
Male,8.0,1.5,41.4,5.0,PhD,Sports,No,59.0
Female,1.1,3.7,76.2,6.0,Master,Clubs,Yes,34.2
Female,7.2,6.0,90.0,7.6,High School,Sports,No,56.8
Other,6.6,7.2,66.5,7.5,Bachelor,Multiple,No,56.5
Female,10.8,6.7,10.5,5.0,Bachelor,Sports,Yes,29.6
Male,4.9,1.6,67.2,4.7,PhD,Clubs,No,52.4
Female,3.9,3.5,63.5,4.2,Bachelor,Multiple,No,32.1
Other,9.0,1.6,80.6,4.1,Master,Multiple,No,66.9
Other,5.0,2.1,82.5,9.3,PhD,None,No,45.8
Female,7.8,4.0,86.8,4.3,Master,Clubs,No,51.0
Other,7.8,0.5,41.4,8.4,High School,None,No,56.4
Male,10.7,1.7,69.8,9.2,None,None,No,56.1
Male,7.2,7.5,26.8,4.6,Bachelor,None,No,22.0
Female,6.0,3.7,99.9,6.6,Bachelor,Multiple,No,55.6
Female,1.7,3.6,17.5,9.8,High School,Multiple,No,12.1
Female,1.4,0.1,1.0,9.0,High School,Sports,No,15.1
Other,1.9,2.0,14.9,6.9,Master,Arts,Yes,10.0
Male,2.1,6.9,77.6,8.6,Bachelor,Multiple,Yes,21.6
Male,7.7,1.3,44.7,9.0,High School,Arts,No,45.0
Other,8.9,3.3,44.8,6.1,Bachelor,Sports,Yes,53.7
Male,6.4,0.1,95.5,9.4,Bachelor,Arts,No,53.3
Female,9.9,3.8,92.0,6.8,Master,Clubs,No,71.7
Female,11.9,0.2,31.1,7.2,High School,Arts,Yes,76.8
Female,9.8,6.6,20.9,10.0,Bachelor,Clubs,Yes,39.5
Male,8.3,6.6,84.8,9.1,Bachelor,Sports,No,44.9
Female,6.4,6.3,90.6,6.2,High School,Sports,No,52.3
Other,5.4,2.3,54.2,4.1,Master,Sports,No,37.3
Other,1.0,6.7,62.9,7.8,High School,None,No,19.8
Male,4.8,4.3,25.7,8.2,High School,Arts,Yes,22.4
Other,10.9,3.0,80.1,7.9,Bachelor,None,Yes,68.2
Other,9.7,5.0,63.2,9.8,High School,Clubs,No,46.9
Male,2.6,0.1,50.4,9.2,High School,Sports,No,28.1
Female,5.6,1.1,6.0,6.7,Master,Clubs,No,40.0
Female,9.8,5.9,91.6,4.4,High School,Multiple,No,62.6
Female,0.8,2.0,61.5,6.9,PhD,Clubs,No,28.0
Male,4.6,4.8,19.3,8.1,Bachelor,Multiple,Yes,15.4
Other,10.2,3.1,60.6,7.6,High School,Arts,Yes,59.2
Female,4.8,6.8,67.7,7.2,High School,None,No,28.3
Female,0.9,7.6,52.6,6.8,Bachelor,Multiple,No,19.5
Male,6.5,7.1,71.8,5.8,Bachelor,Multiple,Yes,33.7
Female,10.3,2.2,58.1,5.7,High School,Multiple,No,62.5
Male,7.1,1.6,94.8,7.0,High School,Clubs,No,63.3
Other,2.7,3.8,5.4,5.0,Master,Arts,No,12.5
Male,4.6,0.1,10.6,6.0,None,None,Yes,26.3
Male,5.4,0.2,17.4,5.9,Master,Clubs,No,45.6
Male,7.0,4.4,69.0,7.5,Bachelor,None,No,49.2
Male,9.1,4.2,64.6,4.4,Bachelor,Sports,Yes,55.8
Other,1.2,8.0,89.2,9.0,High School,Arts,No,24.0
Other,10.7,1.6,73.3,7.4,None,Arts,No,70.2
Female,0.1,2.1,50.8,8.0,Master,None,No,20.9
Other,4.4,0.9,99.2,8.2,High School,Clubs,No,58.5
Other,0.3,7.3,26.6,5.7,High School,Multiple,Yes,10.0
Female,4.7,6.2,83.3,6.8,Bachelor,Clubs,No,41.5
Other,6.3,6.6,42.7,9.7,High School,Arts,No,30.1
Male,6.1,7.2,64.9,8.6,Bachelor,Multiple,No,55.1
Male,2.0,4.2,72.7,9.8,Master,None,No,25.1
Female,7.7,3.6,63.4,8.5,Bachelor,Clubs,Yes,48.6
Female,0.5,2.6,14.1,5.1,PhD,None,No,10.0
Female,9.1,4.7,44.3,4.4,Master,Sports,Yes,44.4
Male,11.4,3.6,56.1,7.5,High School,Arts,Yes,74.3
Other,4.1,3.6,84.9,6.1,High School,Clubs,No,39.1
Male,6.2,7.5,44.4,5.7,Bachelor,None,No,25.8
Female,4.5,7.9,91.9,8.8,Bachelor,Sports,Yes,42.1
Other,0.1,6.4,44.0,6.2,High School,Arts,No,10.0
Other,4.6,6.1,54.9,5.9,PhD,Arts,No,37.2
Male,9.5,5.4,79.6,9.1,Bachelor,Arts,No,60.1
Female,7.2,1.3,58.3,9.1,High School,Sports,No,59.8
Male,1.2,0.5,96.0,6.1,Bachelor,Arts,Yes,39.3
Other,10.2,5.5,66.0,9.0,High School,None,Yes,64.2
Male,6.4,5.8,52.3,9.1,Master,None,No,32.8
Male,10.1,0.4,2.4,6.5,Bachelor,Arts,Yes,59.2
Female,7.0,7.4,41.4,4.4,None,Clubs,Yes,22.4
Female,6.7,0.7,29.9,4.0,High School,None,No,44.6
Other,1.3,2.3,74.8,7.1,Master,None,No,39.6
Male,2.0,5.4,20.8,6.1,Bachelor,Arts,No,10.7
Male,11.7,1.4,20.5,10.0,PhD,Sports,Yes,66.7
Male,2.7,0.4,19.0,8.6,High School,Sports,No,25.0
Other,11.7,2.6,12.6,8.6,High School,Sports,No,66.2
Other,6.4,6.1,31.1,9.7,High School,None,Yes,22.7
Female,1.6,3.3,88.6,9.3,Bachelor,None,No,26.6
Female,1.2,5.2,77.5,5.9,High School,Multiple,Yes,17.9
Female,2.5,4.6,73.5,5.0,High School,Clubs,No,24.5
Male,11.1,0.2,79.7,8.5,Bachelor,Clubs,No,81.7
Male,5.0,7.9,26.9,6.3,Bachelor,Arts,No,21.4
Female,4.7,0.3,88.7,6.8,High School,Clubs,Yes,52.2
Male,3.8,7.7,13.7,7.8,Bachelor,Multiple,Yes,10.0
Female,1.8,4.4,33.6,9.4,Bachelor,Clubs,No,14.5
Other,5.9,7.7,58.7,6.5,High School,Sports,No,36.5
Female,1.6,0.9,10.3,8.7,High School,Arts,Yes,21.2
Other,10.0,3.9,73.0,5.6,High School,Sports,Yes,49.7
Male,4.4,1.4,38.7,8.2,Bachelor,Arts,No,33.2
Female,4.5,0.4,78.4,4.0,Master,Arts,No,49.3
Male,5.7,4.9,49.3,9.2,High School,Multiple,Yes,24.2
Other,5.3,1.7,18.1,4.2,High School,Clubs,No,20.2
Other,11.9,4.7,73.5,8.3,Master,None,No,75.1
Other,6.5,0.9,25.2,4.3,PhD,None,No,38.5
Male,1.1,2.7,49.1,5.6,Bachelor,Sports,No,11.2
Male,7.3,6.3,7.6,7.0,PhD,None,No,29.2
Male,1.8,3.5,61.8,6.5,Bachelor,Sports,Yes,22.8
Male,0.4,5.0,66.6,5.2,Bachelor,Sports,Yes,10.0
Other,11.6,5.2,37.9,6.0,High School,Sports,No,50.4
Other,9.3,6.8,95.4,8.4,Bachelor,Multiple,No,67.9
Female,11.8,2.6,87.4,8.0,High School,Sports,No,90.2
Female,5.7,5.5,70.8,4.4,Master,Sports,No,44.4
Male,6.4,7.7,71.4,8.5,PhD,None,No,52.4
Other,2.0,5.8,25.2,4.3,Bachelor,Arts,Yes,10.0
Other,3.0,3.9,65.7,7.3,High School,None,No,24.7
Other,10.1,5.0,19.8,5.6,High School,Arts,No,40.5
Female,4.3,5.9,14.4,7.5,High School,None,Yes,19.5
Female,9.9,4.9,99.9,5.6,High School,Arts,No,67.5
Other,8.5,0.1,62.2,9.9,Bachelor,Clubs,No,53.0
Other,2.1,1.6,43.1,5.9,PhD,None,No,30.0
Other,6.1,6.5,28.8,5.5,None,Sports,Yes,17.4
Female,8.1,2.2,60.4,5.7,None,Arts,Yes,49.6
Other,2.8,5.9,5.0,9.4,Bachelor,Clubs,No,10.0
Other,10.0,3.0,9.5,7.8,High School,Arts,No,41.6
Male,6.5,4.2,3.3,8.4,Master,Arts,Yes,34.6
Male,2.0,0.5,49.9,9.5,High School,Clubs,No,25.3
Female,7.0,1.4,60.1,9.5,High School,Arts,No,40.8
Other,12.0,7.7,6.2,8.4,High School,Sports,No,44.2
Other,1.8,7.1,72.1,5.2,High School,None,No,16.6
Male,9.8,5.2,23.0,9.1,Bachelor,Clubs,No,43.1
Female,2.5,3.7,68.5,5.2,High School,Multiple,Yes,25.3
Male,9.4,5.4,98.2,8.5,Bachelor,Multiple,No,68.8
Male,8.8,4.9,69.1,8.1,Bachelor,Multiple,No,68.2
Male,3.6,4.5,88.3,8.6,None,Clubs,Yes,35.7
Male,3.9,0.5,94.8,7.2,None,Arts,No,39.1
Other,9.5,5.1,48.7,7.8,Bachelor,Clubs,No,57.7
Other,5.5,6.2,70.2,9.7,Bachelor,Sports,No,38.2
Male,8.8,8.0,85.2,4.6,PhD,Arts,No,55.0
Female,1.8,0.1,35.7,5.9,High School,Sports,No,17.6
Female,10.2,5.8,26.1,7.7,High School,Sports,No,40.3
Female,8.5,4.6,94.7,9.8,High School,Clubs,Yes,51.4
Female,10.9,3.5,72.6,4.6,Bachelor,Arts,No,63.4
Male,1.6,1.0,22.0,4.1,Bachelor,Sports,No,10.8
Other,7.1,3.3,44.9,4.3,Master,Sports,Yes,43.6
Female,7.2,2.8,79.6,4.3,Bachelor,Multiple,No,53.0
Male,4.2,2.4,54.7,9.4,High School,Clubs,No,37.0
Female,5.5,5.8,65.0,8.3,Bachelor,Arts,No,41.4
Female,0.5,5.6,75.4,8.1,Master,Sports,Yes,29.5
Male,9.0,4.7,62.2,7.1,High School,Sports,No,58.0
Other,6.6,7.5,54.0,8.7,Bachelor,None,Yes,37.2
Other,0.7,2.8,75.0,4.9,PhD,Arts,No,22.6
Male,8.2,2.0,72.8,6.4,Bachelor,Clubs,No,55.1
Other,5.6,5.2,63.0,6.9,Bachelor,Sports,No,40.3
Male,0.4,1.6,36.0,4.7,High School,Sports,No,17.6
Male,11.6,2.5,40.6,6.5,Bachelor,None,Yes,59.6
Male,11.4,1.8,97.0,5.9,High School,Arts,No,73.0
Other,6.2,0.6,11.2,4.2,Bachelor,None,No,30.6
Male,1.1,6.6,26.9,4.8,High School,Arts,No,10.0
Female,9.1,2.0,49.2,8.6,Master,Arts,No,68.6
Other,5.9,3.8,83.7,4.1,Master,Clubs,Yes,51.8
Other,3.6,0.3,16.4,9.6,Bachelor,Arts,Yes,10.1
Other,5.9,5.6,27.7,4.5,High School,Sports,Yes,16.0
Other,6.3,2.6,6.6,8.8,None,Arts,No,27.2
Female,6.8,6.0,70.6,9.4,Master,Clubs,Yes,47.2
Other,5.3,3.3,23.8,9.6,Bachelor,None,Yes,25.5
Other,7.3,1.6,38.9,9.2,Bachelor,Arts,No,48.8
Male,11.0,4.1,44.4,5.7,High School,Multiple,No,45.5
Other,4.3,1.0,89.1,6.0,Bachelor,Sports,No,57.4
Female,8.7,3.5,41.1,6.6,Bachelor,Arts,No,55.1
Female,10.7,2.5,14.5,4.8,Bachelor,Clubs,No,45.9
Female,5.5,7.3,52.4,4.1,Bachelor,Arts,No,26.4
Female,5.3,0.5,96.3,9.2,Master,Clubs,No,53.1
Other,7.2,5.6,60.8,7.3,High School,Sports,No,46.4
Other,7.1,1.5,98.3,7.7,High School,Sports,Yes,66.0
Female,9.7,2.6,84.1,9.6,Bachelor,Clubs,Yes,70.7
Female,5.7,3.3,3.6,8.0,High School,Clubs,Yes,20.9
Other,12.0,7.3,65.8,8.1,Master,Multiple,No,69.7
Female,0.7,1.9,28.7,8.7,Bachelor,Sports,No,13.6
Male,0.0,0.7,56.0,4.7,Master,Arts,No,23.5
Female,7.7,2.5,27.9,6.2,Bachelor,Sports,Yes,35.1
Female,3.6,0.8,34.9,9.8,High School,None,No,25.4
Male,2.9,1.0,92.3,9.5,High School,Sports,No,32.5
Male,3.7,4.6,20.7,9.3,Master,Sports,No,17.9
Other,3.1,0.5,87.4,6.7,High School,Sports,Yes,47.4
Other,0.4,0.2,3.0,9.1,Bachelor,Sports,Yes,10.0
Male,11.7,5.7,9.1,4.3,Master,Sports,No,48.8
Male,2.6,2.9,85.5,4.9,High School,Multiple,No,27.6
Other,8.8,1.0,63.1,6.5,High School,Clubs,Yes,58.4
Female,9.2,2.0,74.7,6.9,Bachelor,None,Yes,55.6
Male,11.2,5.1,20.9,5.6,Master,Multiple,No,54.9
Other,0.4,2.2,53.7,6.1,High School,Arts,No,16.1
Female,10.5,4.0,73.7,5.0,PhD,Multiple,Yes,65.0
Male,6.3,1.0,62.7,6.9,Bachelor,Sports,No,52.8
Female,7.6,4.7,47.2,8.8,PhD,Arts,No,43.2
Other,7.7,2.5,96.0,8.0,High School,Multiple,No,64.1
Male,9.8,5.0,67.6,4.6,High School,Sports,No,54.2
Female,4.0,6.5,90.8,6.9,Master,Multiple,No,42.0
Male,8.8,4.9,73.0,8.2,Master,Clubs,No,74.5
Female,6.3,2.4,73.5,7.2,Bachelor,Multiple,No,63.9
Other,9.5,2.0,8.0,6.4,Bachelor,Sports,No,49.4
Other,11.9,2.6,35.9,7.7,Master,Sports,No,66.9
Male,2.4,1.3,85.8,9.8,None,Sports,No,29.7
Female,11.9,1.4,23.3,4.6,Bachelor,Multiple,No,65.3
Male,1.1,6.3,11.6,6.3,Master,Sports,Yes,10.0
Male,0.0,3.1,32.6,6.4,High School,Arts,No,13.9
Female,0.5,3.5,22.0,7.5,High School,Sports,No,10.6
Female,4.1,4.8,92.5,4.9,Master,Sports,No,42.1
Female,7.6,4.7,86.8,5.1,High School,None,No,57.6
Other,0.8,0.5,50.0,5.7,None,Arts,Yes,10.0
Male,0.1,6.7,6.1,9.7,PhD,Clubs,No,10.0
Male,11.2,1.4,71.5,8.4,Bachelor,None,No,81.6
Other,9.9,5.8,62.3,8.0,Master,Multiple,No,81.1
Female,9.7,6.2,97.1,8.9,Master,Clubs,No,69.5
Other,10.6,5.7,55.9,4.8,High School,Arts,Yes,57.2
Other,8.4,4.6,33.6,9.2,High School,Arts,No,38.5
Other,1.3,0.1,51.9,7.6,High School,Sports,No,28.9
Male,4.8,2.9,97.9,6.0,High School,Sports,No,51.2
Other,8.7,4.8,69.6,8.9,Bachelor,Clubs,No,61.1
Male,3.4,3.1,67.2,8.8,Bachelor,Sports,No,35.2
Male,8.2,6.9,24.1,9.1,Bachelor,Arts,No,30.3
Male,0.3,2.5,74.4,4.7,High School,None,Yes,15.3
Female,3.7,2.3,75.0,9.8,High School,Clubs,No,33.1
Male,6.6,2.1,31.7,9.8,Bachelor,Sports,No,39.8
Male,7.6,2.7,48.4,6.1,Bachelor,Arts,No,48.3
Female,6.9,4.5,29.5,4.4,High School,None,No,31.9
Male,8.4,5.7,25.9,5.0,Bachelor,Multiple,No,38.2
Other,0.1,5.3,2.6,10.0,High School,Sports,No,10.0
Other,1.2,6.5,28.5,7.4,High School,Arts,No,10.0
Male,10.4,7.1,55.4,6.1,Bachelor,Arts,No,60.3
Female,8.2,6.5,0.2,5.7,None,Clubs,Yes,14.8
Other,1.4,0.2,28.3,5.5,Bachelor,Sports,No,16.4
Female,10.1,5.9,88.1,8.0,High School,Clubs,No,64.8
Female,2.9,1.7,59.4,6.5,None,Sports,No,32.0
Other,5.7,1.1,60.8,9.8,High School,Sports,No,41.5
Female,1.7,5.1,40.3,8.1,PhD,Clubs,No,27.3
Other,8.5,2.6,67.6,8.8,Bachelor,Clubs,No,64.0
Female,8.0,0.5,19.0,5.8,PhD,Clubs,Yes,43.1
Other,2.5,1.1,81.9,4.5,Bachelor,Multiple,No,28.4
Male,10.4,0.0,11.7,6.9,Bachelor,Sports,No,62.2
Other,4.8,7.2,65.6,5.9,High School,Multiple,Yes,26.6
Other,3.5,0.2,34.1,5.2,High School,None,No,29.3
Other,1.8,1.7,74.8,9.7,High School,Clubs,No,26.5
Other,3.2,3.3,55.0,6.7,High School,Arts,No,30.5
Female,0.3,2.9,45.2,5.0,Bachelor,Arts,No,10.0
Male,7.0,7.3,16.9,5.2,High School,Sports,No,16.9
Other,10.1,0.3,63.7,5.7,High School,Arts,No,62.6
Female,6.6,4.1,97.5,10.0,High School,None,No,54.1
Male,2.6,5.4,82.6,5.6,Bachelor,Sports,Yes,22.7
Male,0.4,7.5,6.0,6.0,Bachelor,None,Yes,10.0
Male,2.6,5.0,37.6,8.0,Master,Arts,Yes,22.6
Male,5.0,6.4,92.6,5.8,High School,None,Yes,31.9
Other,9.1,0.7,50.3,5.3,High School,None,Yes,55.7
Other,2.3,3.1,66.2,5.0,High School,None,Yes,15.7
Female,8.6,3.0,91.3,5.9,Master,Sports,Yes,62.9
Female,10.4,7.1,87.4,4.6,None,Clubs,No,59.3
Female,5.4,1.2,50.2,4.1,Bachelor,Multiple,No,33.0
Male,9.9,1.2,43.8,8.8,Bachelor,None,No,65.4
Male,6.7,2.6,34.0,4.8,High School,Arts,Yes,37.9
Other,7.6,0.4,71.9,8.7,High School,Clubs,No,61.7
Male,6.3,1.5,28.7,8.8,High School,Arts,No,35.8
Male,5.6,7.7,25.0,7.2,Master,Clubs,Yes,28.0
Male,2.8,3.4,35.6,5.9,Bachelor,Sports,No,19.2
Female,3.6,5.1,17.7,4.9,Bachelor,Arts,No,20.9
Female,3.5,5.8,69.5,8.4,Bachelor,Sports,No,37.5
Other,6.8,2.9,61.6,7.6,Bachelor,None,No,47.5
Male,1.4,1.2,48.3,7.9,Bachelor,Arts,No,23.2
Male,11.0,1.7,39.0,4.1,None,Arts,No,59.8
Other,8.6,2.5,90.9,9.6,High School,Sports,Yes,59.9
Male,4.8,5.1,2.9,4.4,High School,Arts,Yes,10.0
Male,1.9,3.2,76.9,6.2,Bachelor,Clubs,No,32.9
Female,10.6,0.1,90.2,6.4,High School,Clubs,Yes,79.8
Other,9.9,4.2,44.6,4.0,Bachelor,Arts,Yes,50.1
Other,8.7,7.4,55.1,7.0,High School,Arts,No,40.0
Other,3.3,6.5,94.4,8.5,PhD,Arts,No,49.5
Other,4.8,6.6,21.2,8.9,High School,Sports,Yes,25.5
Female,1.2,6.4,52.0,9.3,High School,None,Yes,12.6
Female,2.3,2.6,47.5,6.9,Master,Sports,No,37.7
Male,9.4,6.1,25.8,7.8,Bachelor,Arts,No,53.7
Male,8.6,1.1,81.9,4.5,PhD,Arts,Yes,62.4
Male,7.1,5.3,90.0,6.9,None,Multiple,No,53.3
Male,10.7,5.1,78.2,4.9,High School,Clubs,No,66.3
Female,7.0,0.2,19.5,6.2,Bachelor,None,No,34.9
Other,5.6,6.3,8.7,6.0,Master,None,Yes,18.8
Female,4.1,7.2,60.5,6.5,High School,None,No,16.8
Male,11.3,2.1,5.7,7.4,PhD,Clubs,No,63.8
Female,1.0,6.5,67.3,9.4,Bachelor,Clubs,Yes,17.2
Other,11.2,0.7,53.0,6.4,Master,Multiple,No,76.3
Other,9.9,4.8,66.3,9.9,High School,Arts,Yes,48.1
Female,1.6,3.9,59.0,8.6,High School,Clubs,No,26.8
Female,6.8,4.4,42.3,7.1,Master,Arts,Yes,46.1
Female,10.4,7.4,20.1,7.9,PhD,Multiple,No,55.5
Male,6.9,7.0,30.6,4.6,Bachelor,Clubs,No,21.3
Female,10.9,6.3,52.5,9.1,None,Arts,No,51.2
Female,11.3,2.2,65.2,7.5,High School,Arts,No,75.1
Female,5.1,7.3,77.9,9.9,Bachelor,Clubs,Yes,35.5
Other,4.5,0.8,76.7,7.8,None,Sports,No,48.1
Other,11.2,6.8,97.3,9.0,High School,None,No,81.6
Male,8.1,2.6,28.6,8.8,High School,None,Yes,43.3
Male,1.4,0.4,7.1,6.1,Bachelor,Arts,No,12.2
Other,0.5,5.4,34.6,5.6,High School,Arts,Yes,10.0
Other,6.8,1.9,74.3,6.6,Bachelor,None,No,52.6
Other,11.2,1.9,43.8,6.8,Bachelor,Sports,No,63.4
Female,10.1,2.4,81.8,5.4,Bachelor,Sports,Yes,64.4
Female,8.1,0.5,54.9,9.4,Bachelor,Arts,No,63.3
Other,1.7,1.4,93.0,7.3,High School,Sports,No,33.8
Female,3.1,0.0,94.8,9.9,Bachelor,None,No,37.4
Female,10.5,3.6,6.9,8.9,Master,None,No,52.6
Male,2.2,0.7,45.6,7.3,Bachelor,None,Yes,21.2
Other,3.3,5.5,61.0,9.7,PhD,Clubs,No,23.1
Other,1.6,1.9,25.6,7.0,Bachelor,Sports,No,23.4
Female,8.1,7.5,40.7,9.3,Master,Clubs,Yes,34.8
Other,11.3,7.0,67.8,6.1,High School,Arts,No,63.1
Male,3.2,2.3,22.7,6.3,Bachelor,Multiple,Yes,24.6
Male,5.7,6.3,60.2,6.5,Bachelor,Sports,Yes,41.1
Male,7.6,6.4,69.7,7.3,High School,None,No,49.5
Other,12.0,7.9,9.0,7.3,Bachelor,None,No,54.8
Other,1.3,4.8,49.8,7.0,High School,Sports,No,19.4
Other,6.0,0.7,26.3,5.8,Bachelor,Clubs,No,38.3
Other,4.6,5.2,72.4,9.6,Bachelor,None,No,34.4
Other,10.4,5.0,19.0,7.5,Bachelor,Sports,No,53.9
Male,5.7,5.1,89.2,6.4,PhD,Multiple,No,54.7
Female,1.3,2.5,43.1,7.9,High School,Arts,Yes,28.0
Male,7.6,6.9,19.8,8.6,High School,None,No,35.1
Other,9.2,7.7,43.8,9.8,High School,None,Yes,31.5
Male,0.0,1.7,40.9,7.0,Master,None,No,31.6
Other,10.3,0.7,42.9,4.7,Bachelor,Multiple,No,59.8
Other,2.2,1.6,58.6,6.6,Bachelor,Clubs,No,31.9
Male,6.6,6.6,52.1,6.9,High School,Clubs,Yes,28.8
Other,5.0,5.4,15.0,9.4,Bachelor,Multiple,Yes,19.7
Female,8.6,5.1,6.6,6.4,High School,Arts,No,43.5
Other,4.5,3.2,72.9,9.7,Bachelor,Sports,No,30.6
Female,10.4,4.6,56.0,6.9,Master,Sports,No,63.0
Female,8.8,2.5,35.9,9.8,Bachelor,Clubs,No,54.0
Other,7.8,3.8,80.8,4.0,Bachelor,Multiple,No,49.7
Male,9.6,6.3,38.8,9.4,Bachelor,Sports,Yes,43.4
Female,9.0,7.8,79.6,9.6,Bachelor,Arts,No,43.7
Male,0.4,7.5,30.6,9.8,Bachelor,Multiple,No,10.0
Female,4.7,7.5,7.3,4.1,Bachelor,None,Yes,10.0
Other,11.2,3.2,93.3,5.0,High School,Multiple,Yes,86.5
Other,1.5,3.8,39.5,7.9,High School,None,No,21.1
Female,8.8,5.6,79.3,4.2,Bachelor,Arts,No,43.2
Other,11.7,7.4,27.9,4.4,Bachelor,Sports,Yes,44.4
Female,0.6,1.1,64.6,5.3,High School,Arts,No,24.4
Other,8.2,2.4,87.3,7.1,Bachelor,Arts,Yes,63.2
Male,5.6,1.1,4.2,7.3,High School,Sports,No,29.9
Other,7.0,4.9,83.1,4.2,High School,Multiple,Yes,42.2
Male,1.0,2.5,57.1,5.0,Bachelor,Clubs,No,21.4
Other,0.5,2.6,60.7,7.0,Bachelor,Clubs,Yes,16.5
Male,8.0,0.6,52.3,7.6,Bachelor,None,No,56.6
Other,9.9,2.8,87.4,4.9,Bachelor,Multiple,No,73.8
Male,9.4,6.9,4.3,6.4,PhD,None,Yes,33.0
Female,6.5,1.9,26.1,9.4,Bachelor,Sports,No,33.7
Female,1.2,5.6,87.6,10.0,None,None,Yes,10.0
Male,8.3,5.0,75.2,9.9,High School,Sports,No,52.2
Other,2.9,6.9,1.8,9.3,High School,Multiple,No,10.0
Male,10.9,1.1,51.7,6.4,Master,Sports,No,76.9
Other,10.1,7.8,53.0,8.1,High School,Sports,No,52.2
Female,8.5,4.7,40.1,6.5,High School,Clubs,No,47.6
Other,11.4,8.0,29.7,7.9,High School,Arts,Yes,49.2
Female,0.4,7.3,68.2,5.9,Master,Clubs,No,10.0
Other,8.8,1.8,20.8,7.6,High School,Sports,No,62.2
Other,4.0,0.4,79.9,7.1,PhD,Clubs,No,61.0
Other,10.9,2.0,80.3,4.1,None,Sports,Yes,65.1
Male,3.2,4.2,41.5,8.7,High School,Multiple,No,25.6
Male,8.7,1.4,28.4,4.1,High School,Arts,No,50.8
Female,10.5,1.3,28.4,5.8,Master,Clubs,No,59.3
Female,0.5,3.7,48.2,4.0,Master,None,No,17.5
Male,4.8,0.3,72.0,6.3,High School,Sports,Yes,41.7
Female,9.1,1.0,35.9,4.4,None,None,Yes,40.1
Male,5.5,3.3,61.0,9.5,Bachelor,Sports,Yes,34.5
Other,3.2,0.5,38.2,6.5,High School,Sports,No,30.4
Female,2.6,3.2,30.5,6.8,High School,Clubs,Yes,19.0
Female,1.6,3.8,2.5,6.1,None,None,No,10.0
Male,10.3,3.6,0.4,7.8,None,Clubs,No,50.6
Female,6.9,7.0,22.7,8.7,High School,None,No,36.7
Female,0.9,4.2,40.6,7.9,High School,Sports,No,12.4
Other,4.6,3.7,85.1,8.5,High School,Clubs,No,45.2
Female,4.4,3.3,79.8,9.4,Master,Clubs,No,47.2
Other,2.2,6.5,26.7,9.2,High School,Arts,Yes,10.0
Male,5.2,7.2,24.5,8.0,Bachelor,None,No,27.6
Female,4.0,6.8,22.7,5.3,High School,Arts,No,10.0
Other,4.1,5.4,33.9,7.8,Bachelor,Sports,No,22.5
Male,8.9,1.1,49.8,7.0,High School,Sports,No,61.8
Female,2.7,2.2,43.9,8.3,Bachelor,Arts,No,27.0
Male,7.7,0.4,21.8,9.0,High School,Sports,No,50.7
Female,6.8,7.4,13.0,8.5,Master,None,No,36.9
Male,6.8,5.3,1.3,9.1,High School,Multiple,No,21.4
Male,8.0,6.0,15.4,4.4,High School,Clubs,No,21.0
Other,6.6,2.5,70.5,4.2,PhD,None,Yes,45.3
Male,10.6,6.8,24.4,5.6,Bachelor,Arts,No,46.4
Female,8.1,2.1,46.9,9.4,High School,None,No,47.9
Female,6.6,0.0,59.1,8.9,PhD,Clubs,No,65.7
Other,10.0,3.0,88.7,8.1,High School,Arts,No,82.0
Female,7.3,4.6,88.9,8.2,High School,None,No,58.7
Female,3.5,3.8,74.6,8.4,PhD,None,No,45.4
Female,2.5,6.9,3.5,9.7,High School,None,No,10.0
Male,1.8,0.8,57.5,9.0,Master,Arts,Yes,27.1
Male,10.8,4.4,78.7,7.7,High School,Clubs,No,68.4
Female,8.5,4.1,1.7,8.0,Bachelor,None,Yes,33.0
Other,11.2,2.3,55.0,5.3,Bachelor,Sports,Yes,65.1
Male,7.2,6.6,85.8,7.9,PhD,Sports,No,53.5
Other,5.7,6.0,47.4,6.5,Bachelor,Sports,No,37.5
Female,0.7,5.9,0.4,4.9,None,Sports,Yes,10.0
Female,8.1,7.0,1.1,8.8,Bachelor,Arts,No,30.6
Male,7.0,5.8,41.7,7.1,High School,Clubs,No,43.9
Female,11.9,1.9,15.5,9.9,Master,Multiple,Yes,51.3
Male,2.9,5.6,66.4,5.7,Master,Multiple,No,24.1
Female,6.4,2.5,70.9,6.9,Bachelor,Arts,No,67.2
Female,7.8,1.9,17.8,6.7,Master,Clubs,No,56.4
Male,7.7,0.6,88.9,4.7,High School,Multiple,Yes,49.0
Male,6.7,6.0,44.2,6.6,Bachelor,None,Yes,30.7
Male,9.3,5.7,14.3,5.7,High School,None,No,32.5
Female,2.5,1.9,76.4,5.0,Bachelor,None,No,24.9
Female,8.7,6.0,79.0,5.7,None,Arts,No,58.7
Other,7.4,7.3,63.9,5.4,Master,Clubs,No,42.0
Male,10.8,0.9,85.3,8.4,High School,Sports,Yes,76.4
Female,10.2,1.9,73.7,4.2,Bachelor,Arts,No,68.7
Female,3.8,6.0,88.2,7.7,None,Arts,No,39.2
Male,3.3,2.2,43.4,8.6,Master,None,No,30.2
Other,11.8,5.0,74.8,6.9,High School,Sports,No,76.7
Male,6.3,0.6,100.0,9.6,Bachelor,None,No,58.8
Other,10.9,3.6,72.5,8.2,High School,None,No,76.5
Female,2.0,5.9,11.4,8.5,Bachelor,Clubs,No,10.0
Other,7.7,5.5,51.8,5.2,High School,Clubs,No,29.7
Female,9.7,6.5,58.7,8.7,Bachelor,Clubs,No,65.6
Male,11.4,7.0,17.4,9.0,High School,Clubs,No,52.9
Male,4.0,6.2,96.3,6.2,Master,Clubs,Yes,46.0
Male,8.7,5.4,17.6,5.3,None,Clubs,Yes,34.2
Other,6.5,0.3,17.8,6.3,High School,Clubs,No,39.6
Female,0.7,4.3,91.5,8.4,Bachelor,Clubs,No,30.8
Male,8.3,0.3,46.5,6.5,None,Arts,No,53.2
Male,8.3,6.5,6.3,8.4,High School,Sports,Yes,32.8
Female,11.2,2.6,59.8,4.7,PhD,Clubs,No,71.5
Male,6.0,4.5,60.2,8.8,PhD,Sports,Yes,37.5
Female,2.8,2.2,6.5,5.5,Bachelor,Arts,No,12.1
Female,0.5,6.3,97.3,5.5,High School,Sports,No,25.7
Female,5.0,7.1,54.4,7.5,High School,Sports,No,32.3
Female,3.6,3.2,56.0,4.4,Bachelor,Multiple,No,41.6
Female,9.1,6.9,52.0,4.2,High School,Sports,No,37.7
Other,4.3,2.1,61.1,5.6,PhD,Sports,No,41.8
Male,11.4,4.3,26.4,7.2,High School,None,No,51.4
Other,11.5,6.9,28.7,9.4,PhD,Clubs,Yes,44.9
Male,7.5,2.6,51.1,9.1,Bachelor,Arts,No,41.1
Other,11.1,7.6,80.7,6.9,Master,Arts,No,78.4
Female,9.1,1.0,5.0,4.2,None,Clubs,No,38.5
Male,6.6,0.1,60.3,7.2,Master,Sports,No,57.0
Male,2.2,7.2,80.7,8.2,High School,None,No,24.9
Other,5.5,0.5,15.7,6.0,Bachelor,None,No,33.7
Other,6.7,7.9,1.5,4.7,Master,Clubs,No,22.7
Male,10.4,7.6,31.3,5.7,High School,Arts,No,28.9
Other,5.8,1.1,58.8,8.6,Bachelor,Sports,No,47.5
Other,10.8,4.3,13.8,6.1,Bachelor,None,No,54.0
Other,8.1,1.5,42.6,8.9,High School,None,No,50.6
Female,1.6,3.4,55.2,5.9,Bachelor,Arts,No,15.5
Female,11.9,0.5,59.9,5.0,High School,None,No,66.0
Other,6.3,1.8,27.4,6.6,High School,None,Yes,37.3
Other,4.7,2.9,40.0,6.7,Bachelor,Sports,No,38.2
Female,7.9,3.5,77.8,4.1,Bachelor,Clubs,No,59.5
Female,1.3,7.8,94.1,4.7,High School,Clubs,No,12.2
Male,7.6,6.5,86.2,5.1,Master,Sports,No,44.6
Male,6.0,5.9,56.4,4.7,Master,Clubs,No,41.5
Female,4.9,4.3,41.0,6.0,Bachelor,Arts,No,33.9
Other,11.4,6.7,33.3,9.8,Bachelor,Multiple,No,47.5
Other,6.3,2.7,12.5,7.1,High School,None,No,32.5
Other,2.6,5.7,10.7,7.8,Bachelor,Arts,No,10.0
Other,5.5,8.0,68.8,6.1,Bachelor,Arts,Yes,29.6
Male,11.0,2.5,26.0,5.9,High School,None,No,51.2
Female,2.1,5.4,25.5,4.1,Bachelor,Clubs,Yes,10.0
Other,2.6,6.8,99.8,7.0,High School,Sports,No,34.8
Male,0.2,7.3,18.8,6.9,None,Sports,No,10.0
Other,0.2,5.7,14.8,4.9,Bachelor,Sports,No,10.0
Female,10.0,2.3,9.9,8.6,Bachelor,Sports,Yes,50.9
Male,8.8,2.6,58.0,7.0,Bachelor,Sports,Yes,56.5
Female,4.3,0.2,62.8,6.0,Bachelor,Arts,No,41.9
Female,8.4,6.1,36.5,4.9,PhD,Clubs,No,34.0
Male,4.7,0.3,53.5,7.3,Bachelor,Clubs,No,50.3
Male,11.4,6.9,78.8,8.5,Bachelor,None,Yes,73.1
Male,11.6,0.9,81.8,5.7,High School,Arts,Yes,67.2
Male,4.7,1.4,95.8,5.3,High School,Multiple,No,41.6
Male,10.3,3.8,82.4,7.1,High School,None,Yes,63.2
Male,9.3,5.9,56.5,4.9,Bachelor,Arts,No,49.3
Male,3.7,1.1,18.0,8.0,Master,Clubs,No,30.0
Other,2.8,3.5,10.0,7.6,High School,Arts,Yes,10.4
Female,5.5,3.9,5.5,4.5,High School,None,Yes,14.0
Male,9.4,1.7,66.7,4.2,High School,Sports,Yes,56.2
Other,11.5,0.9,80.8,7.7,High School,Arts,No,84.0
Other,9.2,6.7,50.9,5.8,PhD,Multiple,No,48.5
Other,10.3,4.0,5.5,4.5,Bachelor,None,No,39.1
Female,7.2,0.1,53.5,8.6,High School,Multiple,Yes,45.7
Male,10.0,6.4,93.6,5.9,Bachelor,Sports,No,66.2
Other,9.4,7.8,59.8,6.8,Bachelor,Sports,Yes,49.3
Female,4.5,4.8,80.9,5.4,Bachelor,Sports,No,45.0
Female,6.6,4.0,80.0,7.8,High School,Arts,No,56.1
Female,9.7,7.0,93.2,5.8,Bachelor,Sports,No,59.3
Other,0.6,7.6,77.0,9.8,High School,Sports,No,10.0
Male,9.7,6.0,74.8,8.2,Master,Multiple,No,58.6
Other,2.1,3.6,23.4,4.8,Bachelor,Multiple,Yes,14.8
Other,6.2,4.7,6.0,6.5,Bachelor,Sports,No,30.2
Male,9.7,5.6,51.8,6.3,High School,None,No,57.8
Male,3.0,1.6,12.4,7.2,High School,Clubs,No,26.5
Male,2.9,3.6,96.2,9.1,High School,Arts,Yes,28.7
Female,4.8,6.6,29.0,7.5,PhD,None,No,18.3
Male,10.7,5.2,85.3,4.4,High School,Multiple,No,66.4
Other,0.0,3.3,38.8,7.9,High School,None,No,10.0
Male,10.8,5.3,32.3,4.0,PhD,Arts,Yes,48.7
Other,1.8,0.9,93.5,8.7,Bachelor,Sports,No,47.2
Female,11.9,3.2,36.3,8.0,Master,Arts,No,67.6
Other,11.5,6.3,39.0,5.9,None,Sports,No,44.5
Other,5.9,1.8,10.6,5.8,Bachelor,Clubs,No,27.2
Male,6.2,1.5,67.0,8.8,High School,Multiple,No,43.6
Male,5.8,7.6,28.9,8.7,Master,Arts,No,25.3
Other,7.6,1.7,58.6,6.1,None,Arts,No,46.3
Male,1.1,2.1,59.1,5.8,Bachelor,Sports,No,19.4
Female,0.4,7.8,71.9,7.4,Master,Multiple,No,16.4
Female,0.7,5.9,74.5,4.1,Bachelor,Multiple,Yes,11.4
Male,5.3,5.6,51.4,4.5,Bachelor,Clubs,No,27.2
Female,3.3,6.8,33.1,4.8,High School,Arts,No,21.1
Male,7.5,0.9,83.7,5.1,High School,Multiple,No,61.8
Other,11.9,5.6,31.0,7.1,Bachelor,None,No,59.4
Other,4.6,4.0,50.8,10.0,Bachelor,Arts,Yes,28.9
Female,6.9,6.6,40.1,7.9,PhD,Arts,No,48.2
Male,5.0,4.1,85.5,4.4,Bachelor,Arts,Yes,39.6
Male,10.2,5.0,43.2,7.2,Bachelor,Clubs,No,53.2
Female,10.8,3.8,38.6,7.0,Master,Clubs,No,65.0
Other,10.5,3.8,69.0,4.9,High School,None,No,53.8
Female,11.7,6.1,60.2,9.5,Bachelor,Sports,No,59.1
Other,0.3,5.0,10.7,6.6,High School,Sports,No,10.0
Male,10.1,5.1,50.8,10.0,High School,Arts,No,54.3
Other,9.0,3.6,73.5,6.5,Master,Sports,Yes,58.1
Female,2.7,4.2,99.2,7.6,Bachelor,None,No,38.3
Male,11.5,6.0,62.9,4.6,Bachelor,Clubs,No,56.3
Female,1.8,6.6,37.0,6.7,Bachelor,Multiple,Yes,10.0
Female,8.2,5.6,22.6,5.4,Bachelor,Multiple,No,34.3
Other,2.7,7.4,87.3,9.0,High School,Multiple,No,33.3
Female,5.2,6.6,81.5,8.7,Bachelor,Clubs,Yes,37.9
Other,8.6,4.5,23.4,8.9,Bachelor,None,Yes,42.9
Male,6.8,5.4,20.1,8.3,Master,Multiple,Yes,36.3
Other,5.1,7.4,71.5,9.0,High School,Sports,No,39.5
Male,3.9,5.0,31.5,5.2,High School,Clubs,No,15.0
Other,10.1,6.6,30.6,6.7,Bachelor,Arts,No,51.8
Female,1.7,5.5,15.2,8.2,Master,Clubs,No,15.9
Other,5.2,4.4,26.4,7.8,Bachelor,Sports,Yes,31.3
Other,10.8,1.9,42.8,8.3,Bachelor,None,No,64.0
Male,10.2,3.4,73.3,5.3,PhD,Arts,Yes,64.8
Female,4.8,7.7,33.6,4.6,PhD,None,Yes,19.5
Other,9.2,5.3,32.9,9.5,Bachelor,Multiple,No,40.6
Female,9.9,4.5,28.5,7.4,Bachelor,Arts,Yes,57.2
Other,10.7,7.5,47.8,4.9,High School,Arts,No,59.2
Other,6.5,4.7,18.1,8.8,Master,Multiple,No,35.5
Female,2.5,4.2,48.6,9.5,Bachelor,Arts,Yes,14.2
Other,3.1,6.1,70.4,5.0,PhD,Sports,No,26.4
Female,3.5,5.7,3.0,8.9,High School,Sports,No,10.0
Other,7.1,1.5,1.0,9.6,Bachelor,Arts,No,27.1
Male,0.4,3.8,7.5,9.6,Bachelor,Multiple,Yes,10.0
Female,7.6,3.8,53.6,9.5,Bachelor,Clubs,Yes,42.0
Other,4.4,3.0,85.4,7.3,High School,Multiple,No,58.0
Other,3.5,4.1,0.5,6.1,Bachelor,None,No,11.9
Male,10.6,3.3,93.7,4.0,Master,Sports,Yes,72.5
Female,5.5,1.6,10.6,4.4,Bachelor,None,No,21.9
Other,1.1,3.3,84.2,6.6,High School,Clubs,Yes,25.0
Male,9.9,0.6,48.3,6.4,Bachelor,None,Yes,61.2
Other,0.6,4.6,65.9,5.1,High School,None,Yes,10.0
Female,8.7,6.8,51.1,6.4,High School,Arts,No,41.0
Other,9.3,5.8,47.7,5.0,Bachelor,Sports,Yes,46.6
Other,4.2,2.9,83.5,9.1,Master,Clubs,No,45.9
Other,9.9,0.7,75.6,5.8,Bachelor,Arts,No,61.9
Other,6.2,1.6,48.3,7.6,Bachelor,Sports,Yes,45.1
Male,5.6,4.4,11.2,7.0,High School,Sports,No,15.1
Male,0.5,1.7,11.5,4.3,Bachelor,Multiple,No,10.0
Female,3.5,4.4,80.2,9.7,High School,Sports,No,37.5
Male,11.2,1.9,52.9,7.2,PhD,Sports,No,83.1
Male,4.7,6.8,48.2,6.0,Master,Sports,No,36.9
Female,6.6,3.2,68.1,4.9,Bachelor,None,Yes,44.7
Male,6.4,2.0,85.9,6.0,Bachelor,Multiple,No,64.5
Male,7.1,6.5,62.9,4.1,Master,None,Yes,36.0
Female,0.7,2.7,76.3,6.2,Bachelor,Multiple,No,27.0
Female,4.3,0.9,76.5,7.2,High School,Sports,Yes,52.1
Female,8.7,4.6,35.6,9.2,High School,Multiple,Yes,40.3
Other,2.4,4.7,27.4,8.1,Bachelor,Clubs,No,10.7
Other,2.4,5.7,80.1,4.7,Master,Arts,Yes,30.3
Female,0.1,1.9,37.7,4.9,High School,Clubs,No,10.0
Female,5.2,3.6,90.3,6.6,High School,Sports,Yes,42.3
Female,10.6,2.3,7.0,5.2,Bachelor,Arts,No,52.6
Other,0.6,0.6,5.8,4.2,Master,Sports,Yes,10.0
Other,2.3,7.0,92.7,8.8,High School,Sports,No,26.6
Male,3.7,5.8,64.8,4.1,High School,Clubs,No,22.6
Male,8.8,2.4,38.0,9.0,Bachelor,Sports,No,51.7
Female,7.7,4.8,75.5,4.9,Bachelor,Clubs,Yes,42.8
Other,5.0,1.6,67.2,9.8,High School,Sports,No,24.8
Other,9.1,7.1,53.1,7.6,High School,Arts,No,44.3
Other,7.3,0.9,9.9,8.4,Bachelor,Multiple,No,45.0
Female,10.8,0.0,81.2,4.7,Bachelor,Clubs,No,62.3
Male,9.8,4.0,86.6,9.2,PhD,Arts,No,60.4
Female,3.0,4.7,17.2,9.0,Bachelor,Clubs,No,22.9
Male,3.3,4.6,85.1,7.9,None,Multiple,Yes,27.7
Male,1.5,0.4,87.8,7.0,Bachelor,Sports,Yes,38.9
Female,4.0,2.5,54.9,8.3,Bachelor,Arts,No,31.7
Male,12.0,4.0,65.6,4.0,High School,Sports,Yes,64.0
Male,4.9,1.7,38.2,7.6,Master,None,Yes,36.5
Other,2.6,7.0,28.2,9.1,Master,None,Yes,10.0
Male,9.1,0.7,72.2,6.1,High School,Sports,Yes,49.9
Female,6.5,3.9,86.2,4.6,High School,Arts,No,42.7
Female,1.8,5.5,65.4,6.5,None,Multiple,No,24.4
Male,4.6,2.1,51.2,8.4,High School,Clubs,No,47.3
Other,5.0,5.0,15.9,4.6,Bachelor,Arts,No,17.7
Other,9.0,6.6,5.3,5.2,Bachelor,None,No,28.6
Male,0.2,1.5,44.6,4.9,PhD,Sports,No,14.1
Male,3.2,7.3,4.9,8.8,High School,Sports,No,14.1
Female,6.2,4.4,56.9,4.4,Bachelor,Arts,No,37.1
Male,3.2,2.4,38.3,8.1,Master,None,No,36.5
Other,7.5,3.4,75.7,6.2,Bachelor,Arts,No,57.7
Male,5.8,2.5,30.6,8.5,None,Multiple,Yes,34.9
Female,4.3,5.8,59.3,9.8,High School,Clubs,Yes,17.4
Female,11.4,6.4,53.8,4.7,High School,Clubs,No,63.4
Female,7.6,6.7,0.5,5.9,PhD,Clubs,No,34.4
Female,1.6,7.9,7.2,8.9,Master,Sports,No,17.3
Female,6.7,6.3,29.0,5.6,PhD,None,No,25.5
Male,9.4,4.8,88.2,5.3,Master,Clubs,No,64.4
Male,8.5,2.7,14.7,9.0,High School,Clubs,No,40.9
Male,2.1,4.4,71.1,9.9,Master,Arts,No,27.7
Male,11.7,0.3,97.3,7.3,PhD,None,No,95.6
Female,5.4,6.0,79.1,5.7,High School,Arts,No,33.4
Other,1.9,3.6,24.3,6.4,High School,None,Yes,10.0
Male,2.2,0.2,90.8,5.0,Bachelor,None,No,48.2
Other,1.2,0.5,9.3,8.6,High School,Sports,No,15.0
Male,9.6,3.1,46.8,8.6,None,Sports,No,45.9
Male,1.5,4.7,88.8,9.3,PhD,None,No,25.4
Other,1.5,3.7,64.1,4.2,Master,None,No,16.3
Female,10.2,5.0,41.4,7.4,High School,Clubs,Yes,48.8
Male,4.1,3.8,29.3,5.3,Bachelor,Arts,No,24.4
Male,0.4,5.3,37.5,6.0,Master,Arts,No,15.2
Male,0.6,1.8,50.9,8.7,Bachelor,Arts,Yes,16.8
Other,1.7,0.9,31.9,5.2,High School,Multiple,No,14.1
Female,2.6,4.8,96.9,7.8,Bachelor,None,No,36.7
Other,8.0,3.9,93.3,7.9,Master,None,No,74.9
Other,1.9,0.2,87.1,9.7,Master,Arts,No,43.7
Female,1.4,3.0,42.2,8.7,High School,None,Yes,20.3
Other,9.2,0.8,69.1,8.8,High School,Arts,No,63.3
Female,8.1,4.3,90.3,7.2,Master,Arts,No,58.9
Male,5.2,3.2,85.0,5.1,High School,Multiple,No,49.1
Female,6.6,4.9,41.4,6.6,Bachelor,Multiple,No,50.4
Male,3.7,6.4,11.2,7.3,High School,Multiple,Yes,10.0
Other,5.8,2.4,7.6,8.1,High School,None,No,41.4
Other,6.1,7.7,57.7,7.6,Bachelor,Multiple,No,39.3
Male,4.6,4.3,64.3,6.4,High School,None,No,35.0
Other,10.9,4.9,85.0,5.6,Master,Arts,No,62.1
Female,0.2,5.4,29.3,5.0,None,Clubs,No,10.0
Male,9.4,5.3,16.7,8.2,Master,None,No,35.7
Other,1.5,4.1,37.9,7.9,Master,Arts,No,27.2
Male,9.6,3.4,35.4,8.1,High School,None,No,52.5
Female,7.4,0.4,13.2,6.2,Bachelor,Sports,Yes,44.2
Female,10.1,0.2,67.2,5.6,High School,Multiple,No,72.9
Other,1.2,2.9,50.9,8.6,Master,None,No,25.7
Female,6.7,2.7,72.1,8.6,Bachelor,None,No,64.3
Male,6.0,3.1,35.3,6.7,High School,Sports,No,31.7
Female,8.5,1.1,32.6,7.7,Bachelor,Multiple,No,56.0
Male,6.4,5.9,47.3,6.2,Bachelor,None,No,31.5
Male,6.5,6.9,87.7,8.2,Master,Sports,Yes,54.5
Female,5.2,7.5,4.0,9.0,High School,Multiple,No,23.8
Other,3.7,3.9,80.5,8.1,Bachelor,None,No,39.5
Female,5.8,5.6,36.9,7.1,High School,Sports,No,27.0
Male,1.4,6.8,85.5,6.8,Master,Clubs,No,33.0
Male,11.5,3.3,80.2,7.9,High School,Arts,No,71.7
Female,8.6,2.5,34.9,8.1,Bachelor,Clubs,No,53.2
Other,11.4,7.5,69.4,7.4,High School,None,Yes,54.4
Other,2.7,4.1,16.0,7.7,Bachelor,Multiple,No,21.4
Male,10.6,4.0,89.6,4.6,Master,Multiple,No,67.8
Male,9.7,1.4,40.4,9.7,Master,None,No,59.6
Other,8.1,0.9,45.6,8.7,Master,None,Yes,54.3
Female,7.5,6.7,70.6,6.2,Bachelor,Multiple,No,52.4
Male,3.8,4.9,82.1,7.4,Master,Arts,No,38.7
Male,9.8,2.6,23.6,4.3,Bachelor,Arts,Yes,50.6
Other,6.0,1.5,66.1,4.2,Master,Arts,No,45.9
Female,0.9,4.4,39.2,5.5,Bachelor,Clubs,Yes,10.0
Other,3.8,4.7,36.9,8.1,Bachelor,Clubs,No,22.9
Female,11.2,1.7,69.0,9.1,High School,None,No,66.9
Female,10.2,6.8,38.7,7.4,Bachelor,Sports,No,48.3
Female,11.8,0.7,34.6,7.2,High School,Multiple,No,71.8
Male,7.5,2.8,83.6,6.4,Master,Clubs,Yes,54.8
Other,3.0,5.4,10.1,5.0,Bachelor,Arts,No,10.0
Other,2.0,2.2,67.6,4.7,PhD,Multiple,No,34.8
Female,2.2,6.6,24.9,8.6,High School,Clubs,No,10.0
Male,0.2,5.9,1.5,9.6,High School,Sports,No,10.0
Male,4.7,6.3,16.7,6.7,Master,Clubs,No,24.2
Other,2.3,1.0,60.7,8.0,High School,Sports,Yes,34.0
Male,4.9,1.1,70.9,9.5,Bachelor,None,Yes,48.5
Male,11.2,2.3,2.1,4.5,Master,Sports,Yes,44.1
Female,5.2,4.1,3.6,8.6,Bachelor,Clubs,No,26.9
Male,10.5,6.0,90.3,7.7,High School,Multiple,No,79.0
Female,7.3,6.7,7.3,7.6,Master,Sports,No,27.3
Other,3.0,5.6,89.4,5.8,None,Sports,No,15.5
Male,4.3,7.4,22.8,8.1,Master,Arts,No,25.0
Other,1.0,5.9,74.0,8.8,High School,Clubs,No,27.5
Other,4.0,2.5,31.0,4.7,Bachelor,Clubs,Yes,11.2
Male,8.1,2.1,85.9,7.2,High School,Arts,No,63.6
Male,0.9,5.6,70.0,4.6,Bachelor,Arts,Yes,10.0
Other,2.5,1.5,40.2,9.2,None,Sports,No,20.6
Male,4.6,0.7,7.6,7.0,Master,Sports,No,34.2
Female,11.8,4.3,73.3,8.8,Bachelor,Sports,Yes,80.7
Female,9.4,6.6,61.7,6.2,High School,Multiple,No,46.7
Male,8.8,0.8,0.3,4.8,Bachelor,None,Yes,37.9
Other,1.4,6.3,0.9,4.2,Bachelor,Clubs,No,10.0
Male,9.4,6.5,80.9,5.7,High School,Sports,No,52.6
Male,9.4,3.9,25.9,5.5,None,Arts,No,29.5
Other,7.2,0.5,63.6,7.4,Bachelor,Sports,No,63.5
Other,11.9,1.4,45.4,4.1,High School,Sports,No,61.0
Female,3.9,5.7,86.3,7.1,High School,Sports,No,31.3
Other,11.3,5.7,91.7,6.4,High School,Clubs,Yes,70.3
Female,11.0,7.2,99.7,7.5,Bachelor,Sports,Yes,75.9
Other,0.1,4.7,15.4,8.2,Bachelor,Clubs,Yes,10.0
Male,5.4,1.0,86.3,7.8,High School,Arts,No,59.8
Female,11.7,1.0,26.6,9.9,PhD,Arts,No,69.6
Female,1.2,5.8,59.1,4.8,Master,Arts,No,15.7
Female,6.6,1.5,50.6,6.6,High School,Multiple,No,51.7
Male,11.7,2.6,1.8,6.5,High School,Sports,Yes,54.5
Male,6.7,3.9,93.3,6.5,PhD,Sports,Yes,60.7
Male,2.3,0.2,7.8,8.0,Bachelor,Multiple,No,12.3
Male,7.0,2.0,68.8,6.9,High School,None,Yes,35.7
Male,2.5,3.3,78.5,7.1,Bachelor,Clubs,No,43.4
Female,6.2,2.2,79.5,6.6,Master,None,No,52.9
Male,0.9,1.1,13.5,10.0,High School,Clubs,No,10.0
Female,7.3,5.8,44.8,9.6,Master,None,No,47.4
Male,6.2,6.5,82.9,5.8,Bachelor,Multiple,No,38.3
Other,8.9,2.1,30.3,4.7,Bachelor,Arts,No,46.3
Female,7.6,6.2,46.8,9.0,Master,Sports,Yes,45.6
Other,6.6,3.1,27.3,10.0,High School,None,No,29.1
Female,8.3,4.1,46.4,5.8,Bachelor,Sports,Yes,49.5
Other,1.7,6.8,88.8,6.1,Bachelor,Clubs,Yes,22.5
Male,7.1,6.0,45.5,9.6,Bachelor,Sports,No,38.5
Male,2.1,6.4,55.6,8.3,High School,Sports,No,20.5
Male,11.1,1.1,40.4,5.8,High School,Arts,Yes,61.1
Female,0.8,0.6,46.0,7.5,High School,Sports,Yes,15.3
Other,5.2,7.1,1.5,9.7,High School,None,Yes,10.0
Male,8.3,3.1,28.4,8.9,High School,None,No,45.8
Other,5.5,2.3,43.7,8.5,Bachelor,Clubs,No,39.6
Other,1.1,5.8,63.4,8.4,None,Multiple,Yes,23.5
Male,6.6,6.7,45.0,5.1,Bachelor,Sports,No,30.5
Male,7.7,6.9,33.8,8.9,High School,Clubs,No,38.8
Other,8.4,2.5,38.8,5.7,High School,None,No,41.5
Male,4.5,6.8,24.2,9.6,High School,Sports,No,10.0
Male,6.8,0.3,92.4,6.2,High School,Arts,No,62.5
Male,5.4,0.4,52.2,9.1,Bachelor,Sports,No,46.7
Female,8.1,5.0,1.3,5.6,High School,Arts,No,24.9
Other,7.0,0.5,1.9,7.1,PhD,Multiple,Yes,42.1
Other,6.3,2.6,97.3,4.6,PhD,Multiple,No,63.8
Female,3.0,5.4,22.1,8.0,Bachelor,None,No,10.0
Other,0.0,2.7,80.6,9.0,Master,Sports,Yes,34.6
Male,2.1,1.4,5.8,8.3,None,Multiple,Yes,10.0
Other,1.4,2.3,92.1,7.1,Bachelor,Sports,Yes,41.6
Male,5.4,3.7,87.4,4.3,Bachelor,Clubs,No,46.3
Female,7.3,3.8,57.1,9.6,High School,Sports,Yes,29.3
Male,2.6,6.3,0.9,8.2,High School,Sports,No,10.0
Other,11.3,6.0,25.8,8.5,High School,None,No,59.1
Other,0.1,3.7,40.7,8.8,Bachelor,Multiple,No,15.0
Other,9.3,6.8,46.0,8.5,Bachelor,Multiple,No,51.6
Female,7.5,0.9,29.8,6.6,High School,Sports,No,43.0
Female,4.5,2.0,3.3,8.4,Bachelor,Clubs,Yes,31.3
Other,0.6,6.6,59.0,7.8,Bachelor,Sports,No,14.6
Male,7.5,3.0,52.4,9.1,Master,None,Yes,52.2
Female,4.6,7.8,28.3,8.8,High School,Clubs,No,26.9
Other,11.2,3.7,3.8,4.2,Master,Arts,No,55.0
Other,6.5,6.3,99.5,6.3,Bachelor,Sports,No,53.6
Female,11.3,3.2,48.2,4.2,Bachelor,Sports,No,59.3
Female,2.6,3.4,75.6,4.6,Bachelor,Multiple,Yes,30.8
Female,8.7,3.1,45.2,7.6,Bachelor,Multiple,No,66.1
Male,7.4,5.8,4.3,9.2,High School,Clubs,No,30.8
Male,8.9,4.4,31.0,4.7,Bachelor,None,Yes,28.4
Other,2.6,7.6,32.0,6.7,PhD,Clubs,No,30.1
Female,8.0,2.0,83.8,9.5,Bachelor,Sports,No,61.5
Male,6.0,0.8,65.4,8.9,None,Multiple,No,56.3
Female,8.9,3.1,27.5,7.1,High School,None,No,44.6
Other,3.9,4.9,96.8,8.6,PhD,Sports,Yes,43.0
Male,10.7,6.9,32.2,7.1,High School,Sports,No,43.5
Male,1.0,2.8,99.8,4.9,None,Clubs,No,35.3
Male,9.7,5.2,99.6,4.7,High School,Clubs,Yes,55.7
Other,10.3,2.8,19.1,5.1,PhD,Sports,No,52.5
Female,9.8,4.9,31.3,6.1,High School,Arts,Yes,43.8
Male,6.2,7.1,48.6,9.6,Bachelor,Clubs,No,24.3
Other,5.3,1.9,66.4,8.8,Bachelor,None,Yes,45.1
Female,12.0,3.2,52.8,6.6,None,Clubs,No,67.7
Other,2.8,7.9,96.9,7.0,Master,Multiple,No,44.9
Female,6.6,6.9,72.4,5.6,Bachelor,None,No,32.9
Other,8.0,4.5,21.2,8.2,Bachelor,None,Yes,36.0
Female,8.4,4.1,10.5,8.8,Master,Sports,No,48.6
Male,2.4,2.3,68.8,5.4,PhD,None,No,31.6
Female,7.8,4.1,15.8,4.3,Bachelor,Arts,Yes,31.1
Other,9.8,6.8,78.8,7.7,High School,Clubs,No,56.5
Other,0.6,5.5,31.1,7.4,Master,Arts,No,16.7
Female,10.9,2.3,32.7,6.4,Bachelor,None,No,67.9
Male,0.4,1.6,1.1,7.9,PhD,Clubs,Yes,16.7
Male,4.3,2.1,70.1,7.3,PhD,Clubs,No,49.3
Female,0.2,1.4,11.3,5.5,High School,Multiple,Yes,10.0
Female,0.9,0.8,77.3,6.4,PhD,None,No,37.6
Other,10.9,3.4,49.2,6.6,High School,Clubs,Yes,59.4
Male,4.3,0.9,78.4,9.3,Bachelor,Multiple,No,39.3
Female,5.1,1.4,58.4,9.8,None,Arts,No,32.3
Male,2.6,4.4,8.2,9.4,Master,Sports,Yes,10.0
Female,7.2,1.3,76.6,8.3,Bachelor,None,No,63.9
Female,7.1,0.5,7.0,7.5,Bachelor,Multiple,No,41.3
Male,4.5,2.5,47.9,8.1,Master,Sports,Yes,39.8
Female,4.0,1.8,17.2,9.6,Bachelor,Multiple,No,35.6
Female,10.6,4.1,75.2,5.5,Bachelor,Clubs,No,63.8
Other,4.6,0.8,91.2,7.2,Master,Sports,No,53.9
Female,5.9,6.0,55.4,8.1,Bachelor,Arts,No,33.7
Female,3.4,7.2,52.7,8.1,PhD,None,No,30.9
Female,9.4,5.9,76.4,5.5,PhD,Sports,No,69.8
Other,4.8,4.3,0.5,7.5,High School,Clubs,No,16.4
Male,6.2,6.9,91.8,8.8,Bachelor,Clubs,No,40.0
Other,3.0,5.6,19.7,6.9,High School,Sports,No,21.2
Other,11.9,0.1,98.4,8.8,Bachelor,Clubs,No,100.0
Male,3.5,3.2,73.6,6.2,High School,Sports,No,39.7
Other,9.2,6.8,77.4,9.6,Master,Arts,No,56.7
Male,5.1,2.8,65.6,7.2,High School,Arts,Yes,41.4
Other,2.5,0.3,47.2,7.6,High School,Sports,Yes,33.8
Male,9.6,6.0,57.2,4.2,High School,Multiple,No,51.4
Female,4.0,6.4,4.6,5.0,High School,Clubs,Yes,10.0
Other,10.4,1.3,62.4,7.8,Bachelor,Arts,No,68.4
Other,11.0,4.3,62.6,6.5,High School,Arts,Yes,62.3
Other,10.3,1.5,89.1,7.0,High School,None,Yes,73.4
Other,0.4,5.8,50.6,4.4,None,Sports,Yes,10.0
Female,9.4,2.2,7.7,9.0,Master,Clubs,No,55.0
Other,4.9,2.5,30.6,8.7,Master,Multiple,Yes,34.7
Female,10.5,6.8,65.6,5.1,High School,Clubs,No,53.4
Female,7.7,3.8,23.9,7.8,Bachelor,Sports,No,47.2
Female,10.0,5.4,28.1,8.9,Bachelor,Sports,No,56.0
Female,6.0,3.2,82.0,7.8,High School,None,No,49.9
Male,6.4,2.4,58.4,5.9,Bachelor,None,No,44.3
Male,1.7,5.0,50.9,7.9,High School,Arts,No,22.9
Other,9.4,1.2,31.8,5.3,Master,Arts,No,59.0
Male,5.0,3.0,73.1,5.9,None,Sports,No,37.9
Male,6.0,1.7,28.8,5.4,PhD,Arts,No,40.9
Other,9.4,5.6,73.7,7.3,High School,Clubs,No,58.6
Other,7.2,7.6,7.0,4.6,Bachelor,Sports,No,33.7
Other,2.4,8.0,86.5,9.6,Master,Clubs,No,24.2
Male,7.1,3.6,50.0,6.0,None,Sports,No,48.1
Male,4.9,2.0,43.9,5.3,Bachelor,Arts,Yes,27.4
Other,5.6,3.5,61.1,7.0,High School,Clubs,No,46.3
Female,0.3,6.8,62.4,5.7,Bachelor,Arts,No,10.0
Other,2.5,1.6,13.2,7.2,High School,Multiple,No,23.9
Female,3.4,7.6,75.6,6.1,High School,None,No,21.6
Female,8.6,2.7,27.6,4.8,Bachelor,Arts,No,46.0
Other,0.1,7.9,90.5,5.6,Bachelor,Arts,No,10.3
Other,4.9,6.7,81.8,6.6,Bachelor,Clubs,No,43.9
Other,11.1,6.5,34.6,4.2,High School,Clubs,No,42.2
Male,1.3,2.5,80.8,8.6,High School,Clubs,No,34.2
Female,6.2,0.1,35.6,7.7,Bachelor,Clubs,No,49.7
Male,9.4,3.1,10.1,7.6,Bachelor,Sports,No,58.3
Male,11.3,2.4,96.2,7.3,High School,Sports,Yes,85.1
Other,9.0,0.3,65.3,7.5,High School,Arts,Yes,71.4
Male,8.6,4.0,45.6,9.6,High School,Arts,No,39.3
Other,9.9,3.2,39.8,4.1,High School,Multiple,No,49.1
Female,5.4,5.1,32.5,4.3,High School,None,No,22.4
Other,9.7,5.0,98.1,5.1,High School,Sports,Yes,65.4
Male,0.1,1.0,13.5,5.0,Bachelor,Arts,Yes,10.0
Male,11.1,7.8,31.5,5.1,Bachelor,Multiple,No,42.0
Other,5.3,1.5,48.5,8.0,High School,Multiple,Yes,38.2
Other,6.6,3.6,47.8,6.8,High School,Sports,Yes,44.7
Male,3.1,3.9,47.1,10.0,High School,None,Yes,17.1
Female,8.9,6.5,17.6,5.4,Bachelor,Sports,Yes,31.8
Female,0.9,0.8,14.5,5.9,Master,Sports,No,12.4
Other,10.5,3.4,25.5,9.9,Bachelor,Multiple,No,55.9
Female,9.9,5.0,91.5,9.0,Bachelor,Sports,Yes,64.2
Male,2.6,1.7,11.3,6.8,Master,Sports,Yes,18.5
Other,9.7,5.0,75.7,7.3,High School,Sports,No,64.5
Male,9.4,7.4,75.8,9.1,High School,Sports,No,42.6
Male,7.6,8.0,81.0,6.9,Bachelor,Clubs,No,47.4
Female,4.5,0.3,88.7,5.2,High School,None,No,57.2
Other,3.3,1.9,26.3,9.0,Bachelor,Sports,No,25.4
Other,2.8,2.5,22.5,7.2,Bachelor,Multiple,No,26.5
Female,3.8,3.2,46.6,4.9,Master,None,No,18.1
Male,10.8,1.9,26.5,7.0,High School,Clubs,No,59.8
Male,0.9,1.6,73.4,6.5,Bachelor,Sports,Yes,21.7
Male,9.9,7.6,63.6,9.3,Bachelor,Arts,Yes,44.2
Male,4.2,7.3,87.5,4.8,Master,None,Yes,31.6
Other,6.3,0.4,8.3,9.3,Master,Sports,No,29.7
Other,9.5,2.7,91.5,7.1,PhD,Arts,Yes,77.0
Female,10.6,3.2,29.3,6.4,None,Sports,Yes,47.1
Female,4.1,1.9,49.1,5.0,Bachelor,Arts,No,25.3
Other,5.5,5.0,43.9,8.2,High School,Sports,No,40.4
Other,5.0,5.1,76.0,9.6,High School,Clubs,Yes,26.9
Male,0.2,6.8,42.0,6.3,Master,Multiple,No,10.0
Male,3.6,5.9,94.4,5.4,PhD,None,Yes,30.7
Female,5.5,4.3,90.3,7.3,High School,Sports,No,52.6
Other,4.9,5.2,87.2,8.8,None,Clubs,Yes,40.9
Female,8.7,2.2,7.1,4.0,High School,Arts,No,36.2
Other,4.6,4.7,85.4,7.8,Master,None,Yes,41.3
Male,5.9,3.9,78.2,7.6,High School,Arts,No,47.7
Female,5.2,1.1,10.4,5.9,High School,Sports,Yes,23.7
Female,8.9,1.9,10.7,6.7,High School,None,Yes,41.3
Other,10.4,2.3,10.1,5.5,Bachelor,Multiple,Yes,51.4
Male,6.4,7.4,1.1,8.7,PhD,Clubs,Yes,28.2
Female,9.5,1.8,54.9,7.8,High School,Clubs,No,69.9
Male,3.6,2.3,97.3,7.2,Bachelor,Sports,No,57.6
Female,6.5,3.0,43.9,6.4,High School,None,No,41.4
Male,4.1,5.3,54.1,5.7,Bachelor,Multiple,No,30.8
Other,5.0,0.9,96.8,8.9,Bachelor,None,No,60.7
Female,8.8,7.6,25.5,6.7,High School,Sports,No,43.3
Female,10.6,6.9,85.8,7.0,High School,Sports,Yes,55.6
Male,1.5,4.6,54.6,7.1,Master,Arts,No,23.8
Male,7.6,5.4,56.9,6.7,None,Sports,Yes,41.9
Female,7.0,0.1,34.3,5.5,Bachelor,Sports,No,47.9
Other,1.4,2.7,56.2,4.7,High School,Multiple,No,18.7
Male,2.5,6.4,7.3,4.6,High School,Arts,No,10.0
Male,3.7,0.6,76.5,8.5,Bachelor,None,No,46.4
Male,2.0,2.3,28.5,5.3,Master,Clubs,No,21.5
Female,2.9,4.7,88.8,4.3,Bachelor,Sports,No,31.3
Female,3.2,2.1,36.8,8.8,None,Sports,No,28.8
Female,4.0,7.5,14.3,4.9,Bachelor,Arts,No,18.4
Female,9.0,1.0,69.6,7.8,Bachelor,Sports,No,69.7
Other,6.9,6.4,16.5,6.0,Bachelor,Sports,No,29.1
Other,11.8,4.1,75.4,4.8,Bachelor,Clubs,No,70.7
Female,5.0,6.0,96.8,6.5,None,Multiple,No,45.0
Other,9.0,2.5,78.0,4.1,Bachelor,Arts,No,61.6
Male,10.5,4.1,2.2,9.0,Bachelor,None,No,49.9
Male,8.1,6.9,60.0,7.1,High School,Sports,No,41.4
Male,4.9,3.7,69.5,4.8,Bachelor,Sports,No,36.7
Female,9.0,2.9,82.5,5.4,High School,Sports,No,53.8
Male,2.4,4.3,5.6,6.7,High School,Sports,Yes,10.0
Other,3.9,5.7,48.0,5.1,PhD,Arts,No,28.9
Female,6.6,3.5,53.5,5.6,High School,None,No,37.0
Other,6.9,7.5,16.9,7.2,High School,Sports,No,23.5
Male,0.3,2.4,32.2,9.0,Bachelor,Arts,Yes,10.6
Male,11.3,3.8,44.0,6.4,PhD,Sports,No,76.2
Male,8.4,6.1,83.3,8.3,PhD,Multiple,No,72.1
Female,5.9,5.5,92.9,9.3,Bachelor,Sports,No,43.1
Other,11.2,6.9,62.8,5.3,None,Multiple,No,51.3
Female,5.3,8.0,39.5,8.8,Master,Multiple,No,32.5
Female,11.8,3.4,25.4,8.5,Bachelor,Clubs,No,70.9
Male,6.1,0.9,98.2,6.1,High School,None,No,49.8
Female,1.4,0.2,98.3,9.9,Master,Multiple,No,39.5
Female,9.2,5.8,92.5,5.6,High School,None,No,58.0
Male,8.1,7.0,78.6,5.5,None,None,Yes,40.1
Female,9.3,1.8,32.6,8.6,Master,Sports,No,59.4
Male,11.4,1.3,81.7,6.6,Bachelor,None,No,77.7
Male,9.3,0.5,40.9,6.0,High School,None,No,58.3
Male,7.3,6.6,32.7,5.1,High School,Sports,No,26.2
Male,10.3,2.5,74.5,8.6,Bachelor,Sports,No,68.4
Female,8.1,3.2,8.0,8.7,High School,Clubs,Yes,37.0
Male,4.9,4.0,4.9,7.4,High School,None,Yes,19.3
Male,10.6,6.7,44.8,9.7,Bachelor,Arts,No,37.8
Female,2.7,5.2,44.6,5.9,Master,Multiple,No,23.0
Female,8.6,4.9,89.6,5.3,Bachelor,Sports,No,63.2
Other,10.6,1.4,12.6,8.1,Master,Arts,No,59.5
Female,8.8,4.1,12.3,8.6,Master,Multiple,No,47.5
Female,8.4,5.7,14.7,5.3,Bachelor,None,No,28.0
Other,9.0,7.8,3.0,4.5,High School,Sports,Yes,21.1
Female,5.6,1.6,7.2,8.9,Master,Multiple,No,35.9
Female,10.5,0.1,66.0,9.9,Bachelor,Multiple,No,78.6
Female,2.4,0.6,43.2,7.9,None,Arts,Yes,27.1
Female,1.5,3.0,76.4,5.7,High School,None,No,11.9
Other,3.4,6.6,99.3,10.0,Master,Multiple,Yes,36.8
Female,6.4,0.1,65.9,9.4,High School,None,Yes,53.5
Female,6.1,3.7,5.0,7.1,High School,Sports,No,32.5
Other,9.8,2.6,10.5,9.0,Bachelor,Sports,No,58.5
Male,4.9,0.4,88.1,8.9,Master,Sports,No,63.9
Other,5.8,3.6,52.7,9.6,Bachelor,Clubs,No,41.9
Male,0.2,2.0,82.5,9.0,High School,Clubs,Yes,31.1
Other,4.9,2.8,85.7,7.9,High School,Clubs,No,55.0
Other,7.8,5.6,92.8,7.7,Bachelor,None,No,61.7
Female,0.2,4.2,95.0,6.8,None,Arts,No,15.6
Male,3.4,1.0,55.5,7.8,Bachelor,Clubs,No,34.8
Female,2.5,7.7,34.1,8.8,High School,Sports,No,10.0
Male,0.5,5.1,96.2,9.8,Master,Multiple,No,13.2
Other,5.8,6.1,54.7,6.8,Bachelor,Clubs,No,34.9
Other,2.2,0.6,6.4,7.4,High School,Arts,No,25.7
Male,8.9,0.4,64.3,6.7,Master,None,No,59.7
Female,10.2,0.2,58.8,8.0,High School,Clubs,Yes,72.8
Female,6.5,1.5,89.6,7.8,High School,Multiple,No,65.6
Female,11.8,3.3,65.3,4.1,Master,Sports,Yes,69.5
Female,5.4,7.5,34.9,7.2,High School,Clubs,No,33.3
Other,6.2,3.7,96.6,4.5,Bachelor,Sports,No,51.5
Other,11.9,2.3,80.2,4.2,High School,Arts,No,80.3
Other,2.8,4.5,63.0,8.7,High School,Arts,No,28.7
Other,11.3,0.9,29.3,5.6,None,Clubs,No,58.4
Other,0.5,4.9,37.4,6.0,Bachelor,Multiple,No,11.0
Female,5.4,4.5,67.0,4.4,Bachelor,Sports,No,33.4
Female,0.8,6.3,7.2,5.1,High School,Sports,Yes,10.0
Female,8.8,7.9,25.7,8.6,High School,Clubs,No,41.9
Female,7.3,2.0,71.4,7.0,PhD,None,No,70.6
Other,8.5,4.1,48.0,9.3,PhD,Arts,No,51.4
Other,4.5,7.3,40.2,6.4,Bachelor,None,No,25.3
Other,4.4,6.3,15.1,5.6,Master,None,No,10.0
Male,0.5,3.9,44.2,6.1,Bachelor,Clubs,No,16.4
Female,4.2,7.6,77.1,8.3,High School,Clubs,Yes,21.0
Female,11.2,0.5,26.4,7.3,High School,None,No,58.8
Other,4.6,7.4,0.5,9.4,High School,Sports,Yes,10.0
Female,10.0,0.4,66.9,7.6,Master,None,Yes,73.7
Female,10.1,4.4,97.3,7.0,Bachelor,Sports,No,77.0
Other,4.5,7.1,60.7,8.7,Bachelor,None,Yes,32.1
Male,7.6,2.1,12.0,9.7,High School,Sports,No,37.3
Male,1.1,3.8,32.1,6.1,Bachelor,Clubs,No,12.4
Male,1.2,2.6,86.8,5.5,Master,Clubs,No,32.1
Other,0.6,7.6,23.3,7.7,Master,Sports,No,10.0
Female,7.0,6.6,60.8,7.0,None,Clubs,No,35.1
Other,5.1,5.7,40.3,9.9,Bachelor,Multiple,Yes,21.7
Other,6.6,4.7,20.8,6.8,None,Sports,No,31.7
